id,created_at,placeId,ratings,name,cuisine_id,address_str,published,video_links,phone_number,tags_id,price,website_url,handicap,vege,schedule,picture_profile,number_of_reviews,GPS_address,reviews
127,1712447719120,ChIJt9VeXGRv5kcRA7kQ-xGju00,3.1,Bambini,18,"13 Av. du Pr√©sident Wilson, 75116 Paris",True,"['https://res.cloudinary.com/di65pb1aa/video/upload/v1710869614/edkqdkpapaabv3zsowpr.mp4', 'https://res.cloudinary.com/di65pb1aa/video/upload/v1710869627/lwgau3bufxnnzcbgxnei.mp4', 'https://res.cloudinary.com/di65pb1aa/video/upload/v1710869644/vpclikcbmkumwjbim1mq.mp4']",01 40 70 86 08,"[6, 5]",,https://bambini-restaurant.com/?utm_source=Yext&utm_medium=GMB&y_source=1_MjU3NjI3ODctNzE1LWxvY2F0aW9uLndlYnNpdGU%3D,True,False,"['Monday: 12:00\u2009‚Äì\u20093:00\u202fPM, 7:00\u2009‚Äì\u200911:00\u202fPM', 'Tuesday: 12:00\u2009‚Äì\u20093:00\u202fPM, 7:00\u2009‚Äì\u200911:00\u202fPM', 'Wednesday: 12:00\u2009‚Äì\u20093:00\u202fPM, 7:00\u2009‚Äì\u200911:00\u202fPM', 'Thursday: 12:00\u2009‚Äì\u20093:00\u202fPM, 7:00\u2009‚Äì\u200911:00\u202fPM', 'Friday: 12:00\u2009‚Äì\u20093:00\u202fPM, 7:00\u2009‚Äì\u200911:00\u202fPM', 'Saturday: 12:00\u2009‚Äì\u20093:00\u202fPM, 7:00\u2009‚Äì\u200911:00\u202fPM', 'Sunday: 12:00\u2009‚Äì\u20093:00\u202fPM, 7:00\u2009‚Äì\u200911:00\u202fPM']",https://maps.googleapis.com/maps/api/place/photo?maxwidth=400&photoreference=ATplDJbFGLGwE1mKAIDkxZhGZU-OvmW5rykPKT_eFpKCkTuWpqoIc0oLHE_k4CTArXMr5A9BId42PRlZ3jtcDuh7a1-9S3Tr9hWqIjIdKhWqaedjc5FziV9uupG5EGtfu8DZi2dqT-xFGWBbo74Nq6qYTzbQJNIsax_ruEaGKL6TeRT61hc&key=AIzaSyBM05T0u8LoAKr2MtbTIjXtFmrU-06ye6U,1839,"{'type': 'point', 'data': {'lng': 2.288553, 'lat': 48.863029}}","[{'author': 'Maria emilia Alonzo', 'text': 'Very nice place, views and service. The best apperol spritz in paris by far and the green bean salad is a must. The food is pretty good but a bit overpriced in my opinion. Would definitely recommend for a one time ocasion.', 'rating': '5', 'date_published': 1702731182000, 'author_profile_url': 'https://www.google.com/maps/contrib/108632796295708644587/reviews', 'lang': 'en'}]"
144,1712447795293,ChIJF-O8i4Vv5kcRfqJBCNs3Awk,3.3,Afrodisiac Paris 2,18,"16 rue Thorel, 75002 Paris",False,['https://res.cloudinary.com/di65pb1aa/video/upload/v1711787979/yuifnp8yekgdyzgyhgbv.mp4'],+33 951917218,"[8, 9]",,https://lafrodisiacrestaurant.fr/,False,True,"['Monday: 6:00\u202fPM\u2009‚Äì\u200912:00\u202fAM', 'Tuesday: 6:00\u202fPM\u2009‚Äì\u200912:00\u202fAM', 'Wednesday: 6:00\u202fPM\u2009‚Äì\u200912:00\u202fAM', 'Thursday: 6:00\u202fPM\u2009‚Äì\u200912:00\u202fAM', 'Friday: 12:00\u202fPM\u2009‚Äì\u20091:30\u202fAM', 'Saturday: 12:00\u202fPM\u2009‚Äì\u20091:30\u202fAM', 'Sunday: 12:00\u202fPM\u2009‚Äì\u200912:00\u202fAM']",https://maps.googleapis.com/maps/api/place/photo?maxwidth=400&photoreference=ATplDJZy7aImAHijVBGgS_wQZ9FyCkcNksGDf_4GsHtrYPMuGPWJVpnYpsvhxShvTY3D5hPbTXAUjXEwppOMdpsxj3dPQ3s5VG9rnhI61G4QvOWWClrWmBDz24fBjVoQQBBXCH4Zi4sJqqfQCpX8pYJKpVJw88UjWo1zssUZxnHLYutOL-qe&key=AIzaSyBM05T0u8LoAKr2MtbTIjXtFmrU-06ye6U,742,"{'type': 'point', 'data': {'lng': 2.349138, 'lat': 48.870162}}","[{'author': 'Henry Agusti', 'text': 'Food was fantastic and the staff was really helpful. Nice upscale decor.', 'rating': '5', 'date_published': 1649882822000, 'author_profile_url': 'https://www.google.com/maps/contrib/105218951967783620990/reviews', 'lang': 'en'}]"
115,1712447667807,ChIJ041eX3Fx5kcR0Kh5i1aJ4PI,3.7,Quai Nedy,18,"5 Rue Maurice Bourdet, 75016 Paris",True,"['https://res.cloudinary.com/di65pb1aa/video/upload/v1710860161/aef7wrc1szwmdelpfih4.mp4', 'https://res.cloudinary.com/di65pb1aa/video/upload/v1710860263/dt1qxbbmydb52uegufdr.mp4', 'https://res.cloudinary.com/di65pb1aa/video/upload/v1710860336/vyru6elkrw4v9xz9i0ri.mp4']",07 64 06 16 16,"[2, 3, 5]",,,True,False,"['Monday: Closed', 'Tuesday: 7:00\u202fPM\u2009‚Äì\u20092:00\u202fAM', 'Wednesday: 7:00\u202fPM\u2009‚Äì\u20092:00\u202fAM', 'Thursday: 7:00\u202fPM\u2009‚Äì\u20092:00\u202fAM', 'Friday: 7:00\u202fPM\u2009‚Äì\u20092:00\u202fAM', 'Saturday: 7:00\u202fPM\u2009‚Äì\u20092:00\u202fAM', 'Sunday: 7:00\u202fPM\u2009‚Äì\u20092:00\u202fAM']",https://maps.googleapis.com/maps/api/place/photo?maxwidth=400&photoreference=ATplDJZfKfTx0qYIdRn6Q3vP7Yh7EKJVO1EMh6qBf3WtsM3ujHiVRhkPUqo2IyhH7wcDyaYOPxmTmfICubvZcQvQcGLWBTzhWYu86DhrUlX_5t2OpaB8qTvR-HRPpr7YbEVIdY3mdRABQ8peEc37UgapLimpGOeuo92o6z5tu71qGQ5_theH&key=AIzaSyBM05T0u8LoAKr2MtbTIjXtFmrU-06ye6U,714,"{'type': 'point', 'data': {'lng': 2.278631, 'lat': 48.851076}}","[{'author': 'Mel', 'text': 'Nice place near the Eiffel Tower', 'rating': '3', 'date_published': 1665696440000, 'author_profile_url': 'https://www.google.com/maps/contrib/103039493270709122147/reviews', 'lang': 'en'}]"
111,1712447641628,ChIJtVPOAsxv5kcRZgRJajz-pYs,3.8,YSL Cafe,18,"8 Rue du 29 Juillet, 75001 Paris",True,"['https://res.cloudinary.com/di65pb1aa/video/upload/v1710858659/zjqyplqcnpq5nzvgamug.mp4', 'https://res.cloudinary.com/di65pb1aa/video/upload/v1710858690/jswaca5gqaaivdoldnby.mp4', 'https://res.cloudinary.com/di65pb1aa/video/upload/v1710858826/cmopawfgp8h3eh6xkogq.mp4']",01 76 70 90 11,[11],2,,True,False,"['Monday: 8:00\u202fAM\u2009‚Äì\u20099:00\u202fPM', 'Tuesday: 7:00\u202fAM\u2009‚Äì\u20099:00\u202fPM', 'Wednesday: 7:00\u202fAM\u2009‚Äì\u20099:00\u202fPM', 'Thursday: 7:00\u202fAM\u2009‚Äì\u20099:00\u202fPM', 'Friday: 7:00\u202fAM\u2009‚Äì\u20099:00\u202fPM', 'Saturday: 9:00\u202fAM\u2009‚Äì\u20096:00\u202fPM', 'Sunday: Closed']",https://maps.googleapis.com/maps/api/place/photo?maxwidth=400&photoreference=ATplDJaQE49ecZ0ZDFif0zkzQ5VK_WUTi1fNH9_ncwxR2Pp8XX5H-Rk7KvfrLJ5ieHrvC5AlfhpZ-qTvSHRARJFwGTYOfHONc45ThXEVppIrhCG9y7StiT7ORSsIHVsDtDXzW-Zl0Xe4V5a6MXAdIIMPFL_Aqa1O5P-1OW57YZ3AKMc9JT2T&key=AIzaSyBM05T0u8LoAKr2MtbTIjXtFmrU-06ye6U,190,"{'type': 'point', 'data': {'lng': 2.330704, 'lat': 48.865175}}","[{'author': 'Jadem Molina', 'text': ""The restaurant is small but well organized and the food is just great with affordable prices. It's an local place without an English menu and staff doesn't speak English so that's the only suggestion for the admin"", 'rating': '4', 'date_published': 1555935973000, 'author_profile_url': 'https://www.google.com/maps/contrib/114297425502734913709/reviews', 'lang': 'en'}]"
114,1712447666990,ChIJIb6bdI9v5kcR6l5WUgZvcjM,3.9,Ravioli Folie,18,"28 Av. Franklin Delano Roosevelt, 75008 Paris",True,"['https://res.cloudinary.com/di65pb1aa/video/upload/v1710860027/xaglkrwqefjrljfcoyrf.mp4', 'https://res.cloudinary.com/di65pb1aa/video/upload/v1710860099/v6zrdj2pu0rwvgznzgje.mp4', 'https://res.cloudinary.com/di65pb1aa/video/upload/v1710860121/cqxubsotqzqugggsfjvw.mp4']",09 87 79 17 91,"[1, 4]",,http://raviolifolie.com/,True,False,"['Monday: 12:00\u2009‚Äì\u20092:30\u202fPM, 7:00\u2009‚Äì\u200910:30\u202fPM', 'Tuesday: 12:00\u2009‚Äì\u20092:30\u202fPM, 7:00\u2009‚Äì\u200910:30\u202fPM', 'Wednesday: 12:00\u2009‚Äì\u20092:30\u202fPM, 7:00\u2009‚Äì\u200910:30\u202fPM', 'Thursday: 12:00\u2009‚Äì\u20092:30\u202fPM, 7:00\u2009‚Äì\u200910:30\u202fPM', 'Friday: 12:00\u2009‚Äì\u20092:30\u202fPM, 7:00\u2009‚Äì\u200910:30\u202fPM', 'Saturday: 12:00\u2009‚Äì\u20092:30\u202fPM, 7:00\u2009‚Äì\u200910:30\u202fPM', 'Sunday: Closed']",https://maps.googleapis.com/maps/api/place/photo?maxwidth=400&photoreference=ATplDJb8oV-qg88CdgOnPKnZh6Sbc3JCl0tlll1KnkYEcVjIqSRw6_Md1m5cZcsOCM3MgcmsCgKornd-VaMz8HWfIurke2hMCblAXFIDnDSmpZReOUNLatzXyTgzSYs9NueHVLdTyw2ObIM8Or1UwAvjH5Kz5ZDNhlLOeYh7ZY4O7XvUOUjP&key=AIzaSyBM05T0u8LoAKr2MtbTIjXtFmrU-06ye6U,127,"{'type': 'point', 'data': {'lng': 2.310213, 'lat': 48.872328}}","[{'author': 'Anna Tisnoguz', 'text': 'Amazing food and service, highly recommend this place! Great taste and after taste :)', 'rating': '5', 'date_published': 1696717930000, 'author_profile_url': 'https://www.google.com/maps/contrib/106027053548385621588/reviews', 'lang': 'en'}]"
105,1712447615878,ChIJO2EzVqJv5kcRY3Icd5vNYYU,4,JJAN,18,"14 rue du pont neuf, 75001 Paris",True,"['https://res.cloudinary.com/di65pb1aa/video/upload/v1708096483/oewynf4shlmpleic7d9t.mp4', 'https://res.cloudinary.com/di65pb1aa/video/upload/v1708096655/a2szemzkj2lnh4yb2agg.mp4', 'https://res.cloudinary.com/di65pb1aa/video/upload/v1708096676/cbuteijhn9y6fwvykgnb.mp4', 'https://res.cloudinary.com/di65pb1aa/video/upload/v1708096700/v0bal0vg2zazobc2pdfk.mp4']",,"[1, 3]",,,False,False,"['Monday: 12:00\u2009‚Äì\u200911:00\u202fPM', 'Tuesday: 12:00\u2009‚Äì\u200911:00\u202fPM', 'Wednesday: 12:00\u2009‚Äì\u200911:00\u202fPM', 'Thursday: 12:00\u2009‚Äì\u200911:00\u202fPM', 'Friday: 12:00\u2009‚Äì\u200911:00\u202fPM', 'Saturday: 12:00\u2009‚Äì\u200911:00\u202fPM', 'Sunday: 12:00\u2009‚Äì\u200911:00\u202fPM']",https://maps.googleapis.com/maps/api/place/photo?maxwidth=400&photoreference=ATplDJbJruJT9cI5VQaCsYh_2ThwF1u7Vo5AdgmyVJwbMlKNzA0ilxbzEhg4fi0UrICcz_JDHUGiwDRmBscnkq6OlPqqKBvBYUDNzscEnk4Nr8xFaQ-RPUgI2elkAI9Qy4A2eEC4JRFn9mY1kqo7vK92y_rWZYFqf4_h4dRztS4Iq2M4IP2D&key=AIzaSyBM05T0u8LoAKr2MtbTIjXtFmrU-06ye6U,556,"{'type': 'point', 'data': {'lng': 2.344315, 'lat': 48.860111}}","[{'author': 'Carla Escobar', 'text': 'Food looks delicious but is somehow tasteless.\nThe kimchi pancake is extra oily.\nThe service was nice and friendly.\nOverall atmosphere is loud and fun, good for an affordable dinner with friends if you are in the area and don‚Äôt care much for the food quality.', 'rating': '4', 'date_published': 1707424949000, 'author_profile_url': 'https://www.google.com/maps/contrib/114297807640926292578/reviews', 'lang': 'en'}]"
109,1712447619953,ChIJ7ytBzzRs5kcRIdhzw-DV1AM,4.1,BOOM BOOM VILLETTE,18,"30 Av. Corentin Cariou, 75019 Paris",True,"['https://res.cloudinary.com/di65pb1aa/video/upload/v1710857853/ylu0swzrwfeaalnhc6q2.mp4', 'https://res.cloudinary.com/di65pb1aa/video/upload/v1710857903/hyeszld8vtd65hskkyx8.mp4', 'https://res.cloudinary.com/di65pb1aa/video/upload/v1710857925/ka0c9g1uqjh4dyjh2hfj.mp4']",01 49 70 83 30,"[1, 6, 2, 7, 8, 9]",2,https://boomboomvillette.com/,True,False,"['Monday: 9:00\u202fAM\u2009‚Äì\u20091:00\u202fAM', 'Tuesday: 9:00\u202fAM\u2009‚Äì\u20091:00\u202fAM', 'Wednesday: 9:00\u202fAM\u2009‚Äì\u20091:00\u202fAM', 'Thursday: 9:00\u202fAM\u2009‚Äì\u20091:00\u202fAM', 'Friday: 9:00\u202fAM\u2009‚Äì\u20091:00\u202fAM', 'Saturday: 8:00\u202fAM\u2009‚Äì\u20091:00\u202fAM', 'Sunday: 8:00\u202fAM\u2009‚Äì\u20091:00\u202fAM']",https://maps.googleapis.com/maps/api/place/photo?maxwidth=400&photoreference=ATplDJbFw_2M8gfVvXiUO61_0R8rKk8VqOcT2afMWUekpaE-CAF8IYkwgBkc70-_c7RnPOualCI7NPCXH1KRrTZpxSuzhdHofPGoz743_CD7ZNiTG2GptTr_TVFLJsARWiT5_a4jkKVEjjLoqu1N4N2FgKXzfnDYDi5abACdtZAO62Emiigy&key=AIzaSyBM05T0u8LoAKr2MtbTIjXtFmrU-06ye6U,8690,"{'type': 'point', 'data': {'lng': 2.385575, 'lat': 48.89724}}","[{'author': 'Nadim Issa', 'text': 'This review is for Pokke restaurant at Boom Boom villette. Very slow service and they mixed up with our order and gave it to another person. Waited 30 minutes for one bowl.', 'rating': '2', 'date_published': 1711806203000, 'author_profile_url': 'https://www.google.com/maps/contrib/101222910970459002220/reviews', 'lang': 'en'}]"
140,1712447770886,ChIJI1xAUGNv5kcRNDN2NYj-B3A,4.1,Libshop,18,"2 rue Saint-Philippe du Roule, 75008 Paris",True,['https://res.cloudinary.com/di65pb1aa/video/upload/v1711624297/tcyd1pkz5ovngi2ygxpc.mp4'],+33142334107,"[7, 9, 10]",,https://libshop.fr/,False,True,"['Monday: 11:00\u202fAM\u2009‚Äì\u20092:00\u202fPM', 'Tuesday: 11:00\u202fAM\u2009‚Äì\u20092:00\u202fPM', 'Wednesday: 11:00\u202fAM\u2009‚Äì\u20092:00\u202fPM', 'Thursday: 11:00\u202fAM\u2009‚Äì\u20092:00\u202fPM', 'Friday: 11:00\u202fAM\u2009‚Äì\u20092:00\u202fPM', 'Saturday: Closed', 'Sunday: Closed']",https://maps.googleapis.com/maps/api/place/photo?maxwidth=400&photoreference=ATplDJZM606Cl5Z2D_bG_G1puzuNtkynw6-2GHWYCC2qjUewFMpH3m-32NGGta3Rwtti5Lj8yoRnHq7D9xCLq0V4QIB_cf6tM6BAYPe_GT58AYr9mMK8cA8J_xvyuOCrMBEqq-pCpACmtSB5wwMjqlnQE-hlcm0TZwinApp2w8E_xVcI0tD0&key=AIzaSyBM05T0u8LoAKr2MtbTIjXtFmrU-06ye6U,17,"{'type': 'point', 'data': {'lng': 2.308878, 'lat': 48.873388}}","[{'author': 'Daphn√© Fourcault', 'text': ""11‚Ç¨ for 3 falafels and green salad. Everything is bathed in an ocean of vinegar. I won't set foot there again."", 'rating': '1', 'date_published': 1679322691000, 'author_profile_url': 'https://www.google.com/maps/contrib/106236456018101817744/reviews', 'lang': 'fr'}]"
123,1712447695376,ChIJFbTv1N5x5kcR3tmyveCnUEY,4.1,C√àPE ET FIGUE,18,"61 Rue Saint-Andr√© des Arts, 75006 Paris",True,"['https://res.cloudinary.com/di65pb1aa/video/upload/v1710866936/vagtxejfjxg9si5jmco4.mp4', 'https://res.cloudinary.com/di65pb1aa/video/upload/v1710866959/bl6rcurvlgfyfhrukogr.mp4', 'https://res.cloudinary.com/di65pb1aa/video/upload/v1710866984/vsun9hdrpbtfrhsvo6nl.mp4']",01 43 26 00 24,[],2,http://www.cepeetfigue.fr/,False,False,"['Monday: Closed', 'Tuesday: 12:00\u2009‚Äì\u200911:00\u202fPM', 'Wednesday: 12:00\u2009‚Äì\u200911:00\u202fPM', 'Thursday: 12:00\u2009‚Äì\u200911:00\u202fPM', 'Friday: 12:00\u2009‚Äì\u200911:00\u202fPM', 'Saturday: 12:00\u2009‚Äì\u200911:00\u202fPM', 'Sunday: Closed']",https://maps.googleapis.com/maps/api/place/photo?maxwidth=400&photoreference=ATplDJbiHlgTgJH_CBqAOogRj5Xs6edTwEdUZ0xHIU_gLv_sbmXbbjPnIhhvsDibRnlgpntguFUrmuIw5tYxmzKxDKUAzVme2Du1L5gJBO3RKH7xIEhQqNU9msk6EuX0yyVprO9sIFPgCl5u4ToSpqQIOwvfR3umq0reNXRU8Sr9famfPAZo&key=AIzaSyBM05T0u8LoAKr2MtbTIjXtFmrU-06ye6U,738,"{'type': 'point', 'data': {'lng': 2.338883, 'lat': 48.853527}}","[{'author': 'Karla Miranda', 'text': 'Of all the times I‚Äôve been in Paris, this is the best Parisian food I‚Äôve had. I found this place just like that and I didn‚Äôt regret it.\n\nMe and my husband chose the three course menu (29‚Ç¨ great price!) and it was just heaven. The onion soup felt like a grandma soup, the lamb was so soft and tasty and the dessert was just amazing.\n\nPlease come to this place! The food and the service is great, very very recommended.', 'rating': '5', 'date_published': 1690973182000, 'author_profile_url': 'https://www.google.com/maps/contrib/114218307343670470619/reviews', 'lang': 'en'}]"
108,1712447618896,ChIJg4KToaZx5kcRPfGy3ZxpdtQ,4.2,Genki ÂÖÉÊ∞ó,18,"23 Rue Dauphine, 75006 Paris",True,"['https://res.cloudinary.com/di65pb1aa/video/upload/v1710857781/bdyw4tfvohp4jvefjojr.mp4', 'https://res.cloudinary.com/di65pb1aa/video/upload/v1710857792/resfabrjy59wppppzmko.mp4', 'https://res.cloudinary.com/di65pb1aa/video/upload/v1710857804/q6lull6lyd05as9wlavv.mp4']",09 55 15 57 65,"[1, 11]",,,False,False,"['Monday: 12:00\u2009‚Äì\u200910:30\u202fPM', 'Tuesday: 12:00\u2009‚Äì\u200910:30\u202fPM', 'Wednesday: 12:00\u2009‚Äì\u200910:30\u202fPM', 'Thursday: 12:00\u2009‚Äì\u200910:30\u202fPM', 'Friday: 12:00\u2009‚Äì\u200910:30\u202fPM', 'Saturday: 12:00\u2009‚Äì\u200910:30\u202fPM', 'Sunday: 12:00\u2009‚Äì\u200910:30\u202fPM']",https://maps.googleapis.com/maps/api/place/photo?maxwidth=400&photoreference=ATplDJYy0lXFBD12D3tyIDjCuB5c0cpqEAQt6Zo_ZC7O3s89bDiVec3ZMd5U_yO1bJwn7WzayTsh4wt1lXo-fSHU-p77_ZOu7AMVQxzHHrJZill_boqDsuJtYmxdxTsHX8yf89FnMmske3QLofcO-2ho8f9hqwQhJXjIQgMnJw8aoHv0Vbg&key=AIzaSyBM05T0u8LoAKr2MtbTIjXtFmrU-06ye6U,84,"{'type': 'point', 'data': {'lng': 2.33978, 'lat': 48.855142}}","[{'author': 'Dan G', 'text': ""I had the fraise cheese. The best strawberry boba that I've ever had in any country I've been to. Wennic Greeted me with a smile and kept that smile the whole time we were there.  Amazing service, amazing place."", 'rating': '5', 'date_published': 1704463407000, 'author_profile_url': 'https://www.google.com/maps/contrib/107721890758487260313/reviews', 'lang': 'en'}]"
110,1712447640767,ChIJXUJjHI9v5kcRaVQmBJ0E8nc,4.3,Maison Louvard,18,"11 Rue de Ch√¢teaudun, 75009 Paris",True,"['https://res.cloudinary.com/di65pb1aa/video/upload/v1710858001/xxfny7pabfxese8ynosy.mp4', 'https://res.cloudinary.com/di65pb1aa/video/upload/v1710858045/caimni19anpuej3ftxne.mp4', 'https://res.cloudinary.com/di65pb1aa/video/upload/v1710858079/gu6ajqzpahglrvpcrayl.mp4']",01 81 70 75 77,[11],2,http://maisonlouvard.fr/,True,False,"['Monday: 7:00\u202fAM\u2009‚Äì\u20098:30\u202fPM', 'Tuesday: 7:00\u202fAM\u2009‚Äì\u200911:30\u202fPM', 'Wednesday: 7:00\u202fAM\u2009‚Äì\u200911:30\u202fPM', 'Thursday: 7:00\u202fAM\u2009‚Äì\u200911:30\u202fPM', 'Friday: 7:00\u202fAM\u2009‚Äì\u200910:30\u202fPM', 'Saturday: 7:00\u202fAM\u2009‚Äì\u200911:30\u202fPM', 'Sunday: Closed']",https://maps.googleapis.com/maps/api/place/photo?maxwidth=400&photoreference=ATplDJa5F1k29r9oujHrOmF8XxFSxzvrZJqqko4sx3qAkqCL-Qe1fSDbFYVoko7EOOTjJsFQGsjY5H9DD_2rXaRYkVYv0ZgLbXJEragBuBt8lZu_4vspN59TYV3ljjpfFAIim41bp1WmKSNCNf967qTOKFUhvjLck7gLcTWSSBZwGteBXT8X&key=AIzaSyBM05T0u8LoAKr2MtbTIjXtFmrU-06ye6U,739,"{'type': 'point', 'data': {'lng': 2.340768, 'lat': 48.87574}}","[{'author': 'arnaud vanderroost', 'text': ""I saw this bakery on Social Media and was curious to know why people were given such a high rate to this place. I wanted to check it by myself üòâ The place is cozy and well decorated. The staff is super friendly and the 'viennoiserie' tasteful. The expresso is also really good and compared to other places in the capital, your getting a decent amount of coffee in your cup (not only a few drops). It was good, but wouldn't given them a 5 star rate (even if the bakker has apparently received an award recently). Guess I will have to go a second time (at lunch) to confirm my thoughts... A place to recommend anyhow."", 'rating': '4', 'date_published': 1706266344000, 'author_profile_url': 'https://www.google.com/maps/contrib/109582078903072481714/reviews', 'lang': 'en'}]"
117,1712447670357,ChIJSZ1JSYhv5kcRtIwuAEqXRoI,4.3,Pasticeria Simona,18,"8 Rue Mandar, 75002 Paris",True,"['https://res.cloudinary.com/di65pb1aa/video/upload/v1710863197/qbetit0kdh7zf9yfw1w9.mp4', 'https://res.cloudinary.com/di65pb1aa/video/upload/v1710863213/efipbhmtnevgodgk0lgc.mp4', 'https://res.cloudinary.com/di65pb1aa/video/upload/v1710863242/vohizcyr2siolzysoxil.mp4']",06 24 40 86 15,[],,https://www.facebook.com/pasticceriasimonaparis,False,False,"['Monday: 10:00\u202fAM\u2009‚Äì\u20097:00\u202fPM', 'Tuesday: 10:00\u202fAM\u2009‚Äì\u20097:00\u202fPM', 'Wednesday: 10:00\u202fAM\u2009‚Äì\u20097:00\u202fPM', 'Thursday: 10:00\u202fAM\u2009‚Äì\u20097:00\u202fPM', 'Friday: 10:00\u202fAM\u2009‚Äì\u20097:00\u202fPM', 'Saturday: 10:00\u202fAM\u2009‚Äì\u20097:00\u202fPM', 'Sunday: 11:00\u202fAM\u2009‚Äì\u20096:00\u202fPM']",https://maps.googleapis.com/maps/api/place/photo?maxwidth=400&photoreference=ATplDJYeg6b7Xw4puY-yPao7CtL_4wLWJD9ftdv03XD3FaSAH4LBBJNFzUSLQl7B6ffG6KCIgWUR-UkNJjwW-beoWjRoozBUjRcoQ-bda97-tsM7mh1U7aYdxmeWJHLHFEtVSfkSLwgLIIfZ2XTGbVA4OW7RRC_44BPpUbXdwPMJLVQZVUA&key=AIzaSyBM05T0u8LoAKr2MtbTIjXtFmrU-06ye6U,235,"{'type': 'point', 'data': {'lng': 2.346091, 'lat': 48.86568}}","[{'author': 'tejbir kaur sohal', 'text': 'One of the best places to find authentic Italian pastries!! Must try their Maritozzo and Biaocchi!', 'rating': '5', 'date_published': 1709035942000, 'author_profile_url': 'https://www.google.com/maps/contrib/113896681132813905584/reviews', 'lang': 'en'}]"
120,1712447692777,ChIJ-e6OBZJv5kcR18z7CVm7eFg,4.3,Trantranzai,18,"94 Rue Saint-Denis, 75001 Paris",True,"['https://res.cloudinary.com/di65pb1aa/video/upload/v1710866494/l6js5n876kxmbmiwpwwk.mp4', 'https://res.cloudinary.com/di65pb1aa/video/upload/v1710866515/myqzytpodddkuhwxnfm9.mp4', 'https://res.cloudinary.com/di65pb1aa/video/upload/v1710866623/k67d1f0xdpslp7u1qfpa.mp4']",09 51 92 24 56,[1],2,http://www.trantranzai.fr/,True,True,"['Monday: 12:00\u2009‚Äì\u200910:30\u202fPM', 'Tuesday: 12:00\u2009‚Äì\u200910:30\u202fPM', 'Wednesday: 12:00\u2009‚Äì\u200910:30\u202fPM', 'Thursday: 12:00\u2009‚Äì\u200910:30\u202fPM', 'Friday: 12:00\u2009‚Äì\u200911:00\u202fPM', 'Saturday: 12:00\u2009‚Äì\u200911:00\u202fPM', 'Sunday: 12:00\u2009‚Äì\u200910:30\u202fPM']",https://maps.googleapis.com/maps/api/place/photo?maxwidth=400&photoreference=ATplDJabLNN0bZmYnRWki67atnla_9xpgU2Mp2pFdjYyvJzfsStfFFw5J4Qg87OxqmotoxBwIZ4nNfyStcNjsgiaUC9x1bf1vJgHNchn4K3iVzXTZHW5PSsqM0qaDjUKjI_hW8Rj8Un_uDI6N50kx-ly2HGF9Ki5KBMjQkKm3EOoDg3iU2hG&key=AIzaSyBM05T0u8LoAKr2MtbTIjXtFmrU-06ye6U,2882,"{'type': 'point', 'data': {'lng': 2.349871, 'lat': 48.863172}}","[{'author': 'Frank Mansell', 'text': 'Very tasty food here.\n\nI went for the ravioli noodle soup, with the highest possible spice (8), and I wasn‚Äôt disappointed. It was incredibly flavoursome, and it was actually spicy compared to a lot of other noodle soups in Paris. If you like chillis, go for this level! It doesn‚Äôt blow your head off, but leaves a lovely refreshing tingle and a warm mouth.\n\nThe Tsingtao beer alongside it was great, and the restaurant itself is lovely.\n\nThank you very much, I‚Äôll be back', 'rating': '5', 'date_published': 1699830125000, 'author_profile_url': 'https://www.google.com/maps/contrib/116117366506923146791/reviews', 'lang': 'en'}]"
119,1712447691990,ChIJlZYkfCtv5kcR-CgzBJ5W0Vc,4.3,KINGKONG,18,"19 Rue Blondel, 75002 Paris",True,"['https://res.cloudinary.com/di65pb1aa/video/upload/v1710866248/m5ljfsx6onlp76dbfoop.mp4', 'https://res.cloudinary.com/di65pb1aa/video/upload/v1710866270/rurmiqbchzu4wnoeo05a.mp4', 'https://res.cloudinary.com/di65pb1aa/video/upload/v1710866288/apsxbkw5egzqknrn3ixs.mp4']",09 88 49 46 75,"[1, 2]",2,,False,True,"['Monday: 12:00\u2009‚Äì\u20092:30\u202fPM, 6:30\u2009‚Äì\u200910:30\u202fPM', 'Tuesday: 12:00\u2009‚Äì\u20092:30\u202fPM, 6:30\u2009‚Äì\u200910:30\u202fPM', 'Wednesday: 12:00\u2009‚Äì\u20092:30\u202fPM, 6:30\u2009‚Äì\u200910:30\u202fPM', 'Thursday: 12:00\u2009‚Äì\u20092:30\u202fPM, 6:30\u2009‚Äì\u200910:30\u202fPM', 'Friday: 12:00\u2009‚Äì\u20092:30\u202fPM, 6:30\u2009‚Äì\u200910:30\u202fPM', 'Saturday: 12:00\u2009‚Äì\u20092:30\u202fPM, 6:30\u2009‚Äì\u200910:30\u202fPM', 'Sunday: 12:00\u2009‚Äì\u20092:30\u202fPM, 6:30\u2009‚Äì\u200910:30\u202fPM']",https://maps.googleapis.com/maps/api/place/photo?maxwidth=400&photoreference=ATplDJZFkKsTXGXkVbE_uob0bxhQIMJZwy-ggr10HP2gPlI0u07NcM9uxoROnkMcAtIsx0jIL7QZFXjZAH_gV5ZU08naP7jD4Nia0yisMG1AneCv8io2XOulK9KccIO8DEHynN2U52v7Wgg9vHQ0JE8AyKoOQE9dcTSMXgZR4ey2IQct5Hs6&key=AIzaSyBM05T0u8LoAKr2MtbTIjXtFmrU-06ye6U,639,"{'type': 'point', 'data': {'lng': 2.352962, 'lat': 48.868788}}","[{'author': 'Josh Rennert', 'text': 'Unfortunately, they stopped serving their corndogs, but the food was delicious all the same! A nice Korean restaurant near Sentier, with a cool upstairs ambiance. Recommended!', 'rating': '5', 'date_published': 1658528418000, 'author_profile_url': 'https://www.google.com/maps/contrib/101793772923497739852/reviews', 'lang': 'en'}]"
106,1712447617239,ChIJAU-K6f5t5kcRChmT-vPvrC0,4.3,Flam&go,18,186 rue Saint-Maur 75010 Paris,True,"['https://res.cloudinary.com/di65pb1aa/video/upload/v1710781481/xkndfhnwgugjygojqqyw.mp4', 'https://res.cloudinary.com/di65pb1aa/video/upload/v1710858461/u4zxhmawcase7j2l93yq.mp4', 'https://res.cloudinary.com/di65pb1aa/video/upload/v1710858482/qlpscc1sdwqchkcbmc0p.mp4']",07 45 08 62 02,"[3, 5, 2]",,https://flam-and-go.fr/fr,False,False,"['Monday: 11:00\u202fAM\u2009‚Äì\u20099:00\u202fPM', 'Tuesday: 11:00\u202fAM\u2009‚Äì\u20099:00\u202fPM', 'Wednesday: 11:00\u202fAM\u2009‚Äì\u20099:00\u202fPM', 'Thursday: 11:00\u202fAM\u2009‚Äì\u20099:00\u202fPM', 'Friday: 11:00\u202fAM\u2009‚Äì\u200911:00\u202fPM', 'Saturday: 11:00\u202fAM\u2009‚Äì\u200911:00\u202fPM', 'Sunday: 11:00\u202fAM\u2009‚Äì\u20097:00\u202fPM']",https://maps.googleapis.com/maps/api/place/photo?maxwidth=400&photoreference=ATplDJYZ-f1nPGoUHEwNOLR6p-Q3YvJEEYbhTpGAxODyPDjm8qCWAEPqocrWJtgMql66S34cLUsLcQKFjFZ0ze70zi9GmA-K2bSsQNx9uDS4N5wWHdcOS_8iLrWA2T5xtr5xEmhQVPavoh2WMEHRfyuP0qoiGhDBb61tW8lrDiLW_xFSQSQa&key=AIzaSyBM05T0u8LoAKr2MtbTIjXtFmrU-06ye6U,172,"{'type': 'point', 'data': {'lng': 2.372466, 'lat': 48.871298}}","[{'author': 'M H', 'text': 'I discovered this address yesterday and I am delighted with this moment. I opted for a brunch which, in addition to being very good, was plentiful. I was able to leave with the dessert which I was unable to finish. The atmosphere is a little noisy but it would be a shame to stop at that detail. I recommend !', 'rating': '5', 'date_published': 1710167103000, 'author_profile_url': 'https://www.google.com/maps/contrib/103959454148932882405/reviews', 'lang': 'fr'}]"
136,1712447767413,ChIJVwqgKEtt5kcRXOmB1nFDm8Y,4.4,Land & monkeys,18,86 BOULEVARD BEAUMARCHAIS 75011 PARIS,False,['https://res.cloudinary.com/di65pb1aa/video/upload/v1711624063/lyojjul2ula5nvppr4xz.mp4'],09 54 40 95 83,"[11, 9, 10]",,https://www.land-and-monkeys.com/,True,False,"['Monday: 7:30\u202fAM\u2009‚Äì\u20097:30\u202fPM', 'Tuesday: 7:30\u202fAM\u2009‚Äì\u20097:30\u202fPM', 'Wednesday: 7:30\u202fAM\u2009‚Äì\u20097:30\u202fPM', 'Thursday: 7:30\u202fAM\u2009‚Äì\u20097:30\u202fPM', 'Friday: 7:30\u202fAM\u2009‚Äì\u20097:30\u202fPM', 'Saturday: 8:00\u202fAM\u2009‚Äì\u20097:30\u202fPM', 'Sunday: 8:00\u202fAM\u2009‚Äì\u20097:30\u202fPM']",https://maps.googleapis.com/maps/api/place/photo?maxwidth=400&photoreference=ATplDJadEfRHI5SZ84ckZqjnggfRnSDLDQ5zSjjENwd125nK0GDK6hryfZwn1o8_l3IRIolQOokUe6Mzj3PYIHxZRMpLKwi0upJ2SqH3lHYKrZZLA2bsNnQajIBdHtAwMMkxv7oxbh9JvIg51NYMy-tBH2Wx0Uj8ZHatYjBHIrb_hHKp7kOq&key=AIzaSyBM05T0u8LoAKr2MtbTIjXtFmrU-06ye6U,1100,"{'type': 'point', 'data': {'lng': 2.367903, 'lat': 48.859369}}","[{'author': 'Anna Pauli', 'text': 'All vegan bakery!!!! Everything on the counter looked absolutely stunning! Great variety of sweet baked goods, sandwiches and the classic croissant and pain au chocolat which - both of them - were really delicious! Would definitely recommend!', 'rating': '5', 'date_published': 1690888912000, 'author_profile_url': 'https://www.google.com/maps/contrib/105648835312050183587/reviews', 'lang': 'en'}]"
146,1712447797221,ChIJy2jlhvRv5kcRAgr7DCblDlU,4.4,OYA Fusion,18,"141 Av. de Malakoff, 75116 Paris",True,"['https://res.cloudinary.com/di65pb1aa/video/upload/v1711788522/uei782oifyn7hvvnw2er.mp4', 'https://res.cloudinary.com/di65pb1aa/video/upload/v1711788565/qgvwz1pneixhmagfd8pi.mp4']",01 40 67 18 44,"[8, 5, 9, 10]",2,https://www.oyafusion.fr/,False,True,"['Monday: Closed', 'Tuesday: 12:00\u202fPM\u2009‚Äì\u20092:00\u202fAM', 'Wednesday: 12:00\u202fPM\u2009‚Äì\u20092:00\u202fAM', 'Thursday: 12:00\u202fPM\u2009‚Äì\u20092:00\u202fAM', 'Friday: 12:00\u202fPM\u2009‚Äì\u20092:00\u202fAM', 'Saturday: 5:30\u202fPM\u2009‚Äì\u20092:00\u202fAM', 'Sunday: Closed']",https://maps.googleapis.com/maps/api/place/photo?maxwidth=400&photoreference=ATplDJYXoAH8XMd4HVfZBjaCF4Rvqn7uVvouWfG_WH_7UhN2FTYP6S_pJN5pVSAhriEFZRdWSZxnqaVYPNSIhoRHvEvYtKLaiDXBK3Fe_nLwHGwW9uvfcMySxk7kiWiJa85dCnlOka_tKDdUY-s8otQNXeWEc0Hk6ylbfYiArbfpU-JotM74&key=AIzaSyBM05T0u8LoAKr2MtbTIjXtFmrU-06ye6U,452,"{'type': 'point', 'data': {'lng': 2.2837, 'lat': 48.8754}}","[{'author': 'Yann GORRA DIALLO', 'text': 'Service on point and atmosphere just dope. Great DJ. I strongly recommend.', 'rating': '4', 'date_published': 1703747272000, 'author_profile_url': 'https://www.google.com/maps/contrib/111516157611346316670/reviews', 'lang': 'en'}]"
122,1712447694511,ChIJtY_y3uJv5kcRITnks0-GyFc,4.4,Keopi,18,"23 Pass. Verdeau, 75009 Paris",True,"['https://res.cloudinary.com/di65pb1aa/video/upload/v1710866803/frlnbhzrvgzdgdhpna78.mp4', 'https://res.cloudinary.com/di65pb1aa/video/upload/v1710866819/anegphpf0ze6acb6kuz4.mp4', 'https://res.cloudinary.com/di65pb1aa/video/upload/v1710866834/dwkt17vxuenx7fzgv8pt.mp4']",01 47 70 86 24,"[1, 3, 2]",2,http://keopi-paris.fr/,True,False,"['Monday: Closed', 'Tuesday: 10:00\u202fAM\u2009‚Äì\u20097:00\u202fPM', 'Wednesday: 10:00\u202fAM\u2009‚Äì\u20097:00\u202fPM', 'Thursday: 10:00\u202fAM\u2009‚Äì\u20097:00\u202fPM', 'Friday: 10:00\u202fAM\u2009‚Äì\u20097:00\u202fPM', 'Saturday: 10:00\u202fAM\u2009‚Äì\u20097:00\u202fPM', 'Sunday: 10:00\u202fAM\u2009‚Äì\u20097:00\u202fPM']",https://maps.googleapis.com/maps/api/place/photo?maxwidth=400&photoreference=ATplDJahJNmdbFmXLmPw15P8HREgKOZXGRNX6Y4Pv311k1wstNKDHoXTTcR0jmjbqApI2NyKkeN3FzGLOSjJaZEAEC0HHm-5j9jcpwiA34mj4hh5XntSJ9jtCenkdqNkxcFRwv086_yw1_HP4v764wjwi5NksdAtwzXqisnRf859Q2lBgImM&key=AIzaSyBM05T0u8LoAKr2MtbTIjXtFmrU-06ye6U,538,"{'type': 'point', 'data': {'lng': 2.342308, 'lat': 48.873599}}","[{'author': 'Roxana M.Nejad', 'text': 'The location is simply great, not too far from the Grevin museum ! You really get to feel the parisian vibe.\nThe price was reasonable for a brunch + it was really delicious. The staff is also really nice and attentive.\nWe went for a kimchi and avocado salmon toast (which if you like salty and spicy kimchi is a perfect match with avocado and salmon). The Rose Latte was too die for with its hint of rose taste. The spicy chicken was really soft (a perfect boneless chicken if I dare say).\nAnd for the dessert the waffle with matcha cream ! The cream paired perfectly with the fruits and the waffle ~ Beware though, the plate is kind of big so if you don‚Äôt have a big appetite it is best to share it.\n\nAll in all the pricing, the amount of food and the taste was more than worthy, a 10/10 for me.', 'rating': '5', 'date_published': 1696435553000, 'author_profile_url': 'https://www.google.com/maps/contrib/103704298572361074866/reviews', 'lang': 'en'}]"
135,1712447746487,ChIJVVWZuRdu5kcRVRJ28o0ITPU,4.4,Boneshaker Donuts,18,"86 Rue d'Aboukir, 75002 Paris",True,"['https://res.cloudinary.com/di65pb1aa/video/upload/v1711623856/z1dh1zw5vx2r2elafjeg.mp4', 'https://res.cloudinary.com/di65pb1aa/video/upload/v1711623956/hoeh8ftsetpgs7pklbii.mp4']",,"[11, 10, 9]",2,https://www.boneshakerparis.com/,False,False,"['Monday: 8:30\u202fAM\u2009‚Äì\u20096:00\u202fPM', 'Tuesday: 8:30\u202fAM\u2009‚Äì\u20096:00\u202fPM', 'Wednesday: 8:30\u202fAM\u2009‚Äì\u20096:00\u202fPM', 'Thursday: 8:30\u202fAM\u2009‚Äì\u20096:00\u202fPM', 'Friday: 8:30\u202fAM\u2009‚Äì\u20096:00\u202fPM', 'Saturday: 9:00\u202fAM\u2009‚Äì\u20096:00\u202fPM', 'Sunday: 11:00\u202fAM\u2009‚Äì\u20095:00\u202fPM']",https://maps.googleapis.com/maps/api/place/photo?maxwidth=400&photoreference=ATplDJaaocrTbQCEWFapgZXUmn_sKdnJxj9HXby_f4_EeFBTHxIXW2R1FujeFNKGEN3T38Mm2uS1C2BZQfC-x1lDgRIXe2Bhfl8KAxmB_0bAFsbph6dVimDQXOP4I5nAD7Q5VTkzR9QC1GlNbqyYQ9LKMwOBbI8jD2knyRPJ2IzfPgDmaqth&key=AIzaSyBM05T0u8LoAKr2MtbTIjXtFmrU-06ye6U,1635,"{'type': 'point', 'data': {'lng': 2.347771, 'lat': 48.867944}}","[{'author': 'Amina Panduru', 'text': 'I am soo amazed that this place is vegan, you really can‚Äôt tell! The apple donut is autumn üçÇ in a donut ‚ô•Ô∏è so fluffy and amazing flavour combo!\n\nThe owners also are very cute and kind!\n\nWill be back!', 'rating': '5', 'date_published': 1699138181000, 'author_profile_url': 'https://www.google.com/maps/contrib/108674275854574740720/reviews', 'lang': 'en'}]"
143,1712447794221,ChIJU2Y2BaBt5kcRbzg5JMa0uXQ,4.4,Afri Call Food,18,"31 Rue de M√©nilmontant, 75020 Paris",False,['https://res.cloudinary.com/di65pb1aa/video/upload/v1711787699/hnm0yew09zqvpethlemw.mp4'],,"[8, 2]",,https://africallfood.com/,False,True,"['Monday: 7:00\u2009‚Äì\u200911:30\u202fPM', 'Tuesday: 7:00\u2009‚Äì\u200911:30\u202fPM', 'Wednesday: 7:00\u2009‚Äì\u200911:30\u202fPM', 'Thursday: 7:00\u2009‚Äì\u200911:30\u202fPM', 'Friday: 7:00\u2009‚Äì\u200911:30\u202fPM', 'Saturday: 7:00\u2009‚Äì\u200911:30\u202fPM', 'Sunday: 7:00\u2009‚Äì\u200911:30\u202fPM']",https://maps.googleapis.com/maps/api/place/photo?maxwidth=400&photoreference=ATplDJZAqrOoITCtBQ2OUS_yCNXfK9n_-XI_JCsmcsBlH6mJQJAmie0IMiXiz0uTF29WFPE2kYcNpBMGfocRHajtAuVBQ1ZpBSaJnBlnCfUTzSJptYfnWvsuBdV-ea3Kym2bOLM06kk_x780hVivXK1sfIVOOD-6NCMf0rXV-bv8ApbtGcY&key=AIzaSyBM05T0u8LoAKr2MtbTIjXtFmrU-06ye6U,176,"{'type': 'point', 'data': {'lng': 2.385121, 'lat': 48.867633}}","[{'author': 'Eva Spileers', 'text': 'Super üëç', 'rating': '5', 'date_published': 1705236030000, 'author_profile_url': 'https://www.google.com/maps/contrib/103074173252837124459/reviews', 'lang': 'en'}]"
129,1712447720847,ChIJsWCnxS5v5kcR4lpaV7jKHFw,4.5,AC√Ä PIGALLE,18,"48 Bd de Clichy, 75018 Paris",False,"['https://res.cloudinary.com/di65pb1aa/video/upload/v1710869929/vndo29expldm6iwf0d1l.mp4', 'https://res.cloudinary.com/di65pb1aa/video/upload/v1710869938/o5mnsj4twfn240fnz4d5.mp4', 'https://res.cloudinary.com/di65pb1aa/video/upload/v1710869954/pd8qowwo43hccn1rhhj6.mp4']",01 88 61 04 05,[13],2,https://www.acarestaurants.fr/menus-carte/,True,True,"['Monday: 11:30\u202fAM\u2009‚Äì\u200911:00\u202fPM', 'Tuesday: 11:30\u202fAM\u2009‚Äì\u200911:00\u202fPM', 'Wednesday: 11:30\u202fAM\u2009‚Äì\u200911:00\u202fPM', 'Thursday: 11:30\u202fAM\u2009‚Äì\u200911:00\u202fPM', 'Friday: 11:30\u202fAM\u2009‚Äì\u200911:30\u202fPM', 'Saturday: 11:30\u202fAM\u2009‚Äì\u200911:30\u202fPM', 'Sunday: 11:30\u202fAM\u2009‚Äì\u200911:00\u202fPM']",https://maps.googleapis.com/maps/api/place/photo?maxwidth=400&photoreference=ATplDJb7CRU40gHBk6f-CMVzyWrj5BfeSE1BiHdfDlBCeNwFTpOYot9r1RD__BUYsQ5sTTKwHZtJST38LG4DKPMlvyKugu5sxLGMraxvOLabnggdIqYZL_by0pQHjXU70Ev_F6Kp-BDBPHAepQz_kSxaE6KeycSV5uxmf6lUn17KEBcSfRGW&key=AIzaSyBM05T0u8LoAKr2MtbTIjXtFmrU-06ye6U,2264,"{'type': 'point', 'data': {'lng': 2.335594, 'lat': 48.883121}}","[{'author': 'Mar√≠a Fernanda Vidal Correa', 'text': 'Overall, is a good place to eat tacos considering you are in Paris. Formule of three tacos for 10‚Ç¨ is a great option. Good flavor in the barbacoa, pastor a little dry, and carnitas would improve with a little more coriander. Sauces are good and tasty, not super spicy. Agua de horchata is super good, not too sweat which I like.  However, the dessert, the pastel de tres leches, falls short of expectations. While sweet and pastry-like, it lacks the authentic essence of a true pastel de tres leches.', 'rating': '4', 'date_published': 1710939078000, 'author_profile_url': 'https://www.google.com/maps/contrib/109498612452677260127/reviews', 'lang': 'en'}]"
116,1712447669452,ChIJM65MruFv5kcRlQzBHLF0e_4,4.5,Caf√© Louis Vuitton,18,"2 Rue du Pont Neuf, 75001 Paris",True,"['https://res.cloudinary.com/di65pb1aa/video/upload/v1710860679/pm0ru1fpsxkqhfpeu4ac.mp4', 'https://res.cloudinary.com/di65pb1aa/video/upload/v1710860718/mufh9f1nfhat9z1xutlq.mp4', 'https://res.cloudinary.com/di65pb1aa/video/upload/v1710860758/ikzxn5rkfvxr9reftsiw.mp4']",09 77 40 40 77,"[11, 5]",,http://lvdream.seetickets.com/,True,False,"['Monday: 11:00\u202fAM\u2009‚Äì\u20098:00\u202fPM', 'Tuesday: 11:00\u202fAM\u2009‚Äì\u20098:00\u202fPM', 'Wednesday: 11:00\u202fAM\u2009‚Äì\u20098:00\u202fPM', 'Thursday: 11:00\u202fAM\u2009‚Äì\u20098:00\u202fPM', 'Friday: 11:00\u202fAM\u2009‚Äì\u20098:00\u202fPM', 'Saturday: 11:00\u202fAM\u2009‚Äì\u20098:00\u202fPM', 'Sunday: 11:00\u202fAM\u2009‚Äì\u20098:00\u202fPM']",https://maps.googleapis.com/maps/api/place/photo?maxwidth=400&photoreference=ATplDJawmU0CDuK1Ont-CL1fsA-yN9fbognLYVCoIZnno_8f069xh3L1L3FDJtjKLSvMsSJu0tG9Pw-KYACekjtk8V__5rwDCO37lv9QvKWlS9R2-decHaoJvCpmJunHCVs0UDLgF_UiYkMuUY3kl39PmmLWEI1OOupr2e3NrNVMjr3q03Qc&key=AIzaSyBM05T0u8LoAKr2MtbTIjXtFmrU-06ye6U,283,"{'type': 'point', 'data': {'lng': 2.342931, 'lat': 48.858588}}","[{'author': 'Deniss Ovƒçarenko', 'text': ""Probably the most delicious cake I've ever ate! We got the chocolate and vanilla ones and they were amazing!\nPretty pricey, but understandable - it's Louis Vuitton!\nStaff was amazing, very friendly and very caring, smiling! Will definitely return when back in Paris"", 'rating': '5', 'date_published': 1703713014000, 'author_profile_url': 'https://www.google.com/maps/contrib/110313350747670160192/reviews', 'lang': 'en'}]"
121,1712447693664,ChIJq5AFgFhv5kcRsokzkzG2ToQ,4.6,Puffy Cookies,18,"65 Rue Condorcet, 75009 Paris",True,"['https://res.cloudinary.com/di65pb1aa/video/upload/v1710866700/zx76j0nfhuawanrlykzm.mp4', 'https://res.cloudinary.com/di65pb1aa/video/upload/v1710866727/xlelm0do58p4pzzimawu.mp4', 'https://res.cloudinary.com/di65pb1aa/video/upload/v1710866740/rxmkprvfyv93gfqqiedb.mp4']",09 55 51 87 26,[],,https://www.puffycookies.fr/,False,False,"['Monday: 8:00\u202fAM\u2009‚Äì\u20096:00\u202fPM', 'Tuesday: 8:00\u202fAM\u2009‚Äì\u20096:00\u202fPM', 'Wednesday: 8:00\u202fAM\u2009‚Äì\u20096:00\u202fPM', 'Thursday: 8:00\u202fAM\u2009‚Äì\u20096:00\u202fPM', 'Friday: 8:00\u202fAM\u2009‚Äì\u20096:00\u202fPM', 'Saturday: 8:00\u202fAM\u2009‚Äì\u20097:00\u202fPM', 'Sunday: 8:00\u202fAM\u2009‚Äì\u20096:00\u202fPM']",https://maps.googleapis.com/maps/api/place/photo?maxwidth=400&photoreference=ATplDJY1tw_QH2RzIOPhTu1r3sZDGAcCfSbsMh7rVkJ2e75L5pX0ozisG_LTo7Hs1cjd_z3Ep902TNpM-WFWzt2-o92TjUCtZZ0Mwy0CvmC0Jz6LIpFdd0rNC-B2nsRqA7aXZF6sfgy760Ry_PQRFGDGrtQVqaTtZNaRqRc65wh3NoDCXIcc&key=AIzaSyBM05T0u8LoAKr2MtbTIjXtFmrU-06ye6U,115,"{'type': 'point', 'data': {'lng': 2.341333, 'lat': 48.880281}}","[{'author': 'Melissa W', 'text': 'This is not a normal cookie, it‚Äôs thick and gooey. The chocolate and peanut butter one was my favourite.', 'rating': '5', 'date_published': 1709482959000, 'author_profile_url': 'https://www.google.com/maps/contrib/100714489852644028525/reviews', 'lang': 'en'}]"
113,1712447666126,ChIJvzy3Eypv5kcRiG1YkfNGHMw,4.6,Maison Ma√©,18,"17 Rue du Ch√¢teau d'Eau, 75010 Paris",True,"['https://res.cloudinary.com/di65pb1aa/video/upload/v1710859828/r6yzcei0bvxaaznnui3h.mp4', 'https://res.cloudinary.com/di65pb1aa/video/upload/v1710859882/e9sgiq3klr9nuxxohmth.mp4', 'https://res.cloudinary.com/di65pb1aa/video/upload/v1710859914/ndf5ju1fomf6ao2tayak.mp4']",01 40 34 89 83,[11],,,False,False,"['Monday: 7:00\u202fAM\u2009‚Äì\u20098:30\u202fPM', 'Tuesday: 7:00\u202fAM\u2009‚Äì\u20098:30\u202fPM', 'Wednesday: Closed', 'Thursday: 7:00\u202fAM\u2009‚Äì\u20098:30\u202fPM', 'Friday: 7:00\u202fAM\u2009‚Äì\u20098:30\u202fPM', 'Saturday: 7:00\u202fAM\u2009‚Äì\u20098:30\u202fPM', 'Sunday: 7:00\u202fAM\u2009‚Äì\u20098:30\u202fPM']",https://maps.googleapis.com/maps/api/place/photo?maxwidth=400&photoreference=ATplDJZTQZvbHscOWkNkeRwk8eAlSLvh631zBTAFSNtafWJZtwq-zr8UVfXIFhQZ_mfYyFQVfhnpwU0d6SNNqqWJus6CZl4FW5FqLvV_R4d03QN1DS45oZTtY9ogHbbgLu9ee8UKUpQqZSJehUM2F3OKsSL9-ef4TRkD3V_gj_XqeF_CN1GU&key=AIzaSyBM05T0u8LoAKr2MtbTIjXtFmrU-06ye6U,316,"{'type': 'point', 'data': {'lng': 2.360333, 'lat': 48.869986}}","[{'author': 'Eva Ottum', 'text': 'My 3 friends and I are visiting Paris as Americans for the first time and this cafe is the most amazing part of Paris. Friendly staff, who have been helping us with our French, tasty food at a reasonable price, and a relaxing atmosphere. We‚Äôve come here every morning and will definitely come again the next time we visit! I‚Äôd recommend the ham escargot and the espresso! They also gave our group free pastries sometimes :)', 'rating': '5', 'date_published': 1705399300000, 'author_profile_url': 'https://www.google.com/maps/contrib/115132071909847691921/reviews', 'lang': 'en'}]"
104,1712447614866,ChIJ2SnopiVt5kcRCpl04SjBTuY,4.7,Bao Express,18,"10 R. Br√©guet, 75011 Paris",True,"['https://res.cloudinary.com/di65pb1aa/video/upload/v1710323118/bmv9qwxdmjofyh5uuooe.mp4', 'https://res.cloudinary.com/di65pb1aa/video/upload/v1710323161/dhrwrbzyi1hxvxxcsegp.mp4', 'https://res.cloudinary.com/di65pb1aa/video/upload/v1710323280/pvwdor8zpqolx2kufapt.mp4', 'https://res.cloudinary.com/di65pb1aa/video/upload/v1710323399/bt9o9xergv4nsyg3krqw.mp4', 'https://res.cloudinary.com/di65pb1aa/video/upload/v1710323417/wptamqm66tkk1volseik.mp4', 'https://res.cloudinary.com/di65pb1aa/video/upload/v1710323426/sbst0dmkyiybohjcab1i.mp4', 'https://res.cloudinary.com/di65pb1aa/video/upload/v1710323439/qk5kiknlvsji436qjvp0.mp4', 'https://res.cloudinary.com/di65pb1aa/video/upload/v1710323450/bp1rwrdhc1mlregwwzmp.mp4']",,"[1, 2]",2,https://www.baofamily.co/bao-express,True,True,"['Monday: 12:00\u2009‚Äì\u20093:00\u202fPM, 7:00\u2009‚Äì\u200911:00\u202fPM', 'Tuesday: 12:00\u2009‚Äì\u20093:00\u202fPM, 7:00\u2009‚Äì\u200911:00\u202fPM', 'Wednesday: 12:00\u2009‚Äì\u20093:00\u202fPM, 7:00\u2009‚Äì\u200911:00\u202fPM', 'Thursday: 12:00\u2009‚Äì\u20093:00\u202fPM, 7:00\u2009‚Äì\u200911:00\u202fPM', 'Friday: 12:00\u2009‚Äì\u20093:00\u202fPM, 7:00\u2009‚Äì\u200911:00\u202fPM', 'Saturday: 12:00\u2009‚Äì\u20093:30\u202fPM, 7:00\u2009‚Äì\u200911:00\u202fPM', 'Sunday: 12:00\u2009‚Äì\u20093:30\u202fPM, 7:00\u2009‚Äì\u200911:00\u202fPM']",https://maps.googleapis.com/maps/api/place/photo?maxwidth=400&photoreference=ATplDJaPyMQ_ZTIdaFoT4ezua3LNKfwVLsNHBpUBnvAzL5nmaI29wcqJIdiThl3Z7QeBvd2dWblq2KiVRCdrwx3lI6kgThJX2tG4Gbh4JS5Y-AgxGRD3ESy1aVp7uo4QMbf4xkysKRnZQqyXp7vwLYPiDOG4runclTg2F7FmbqO8cPMH7oY9&key=AIzaSyBM05T0u8LoAKr2MtbTIjXtFmrU-06ye6U,3226,"{'type': 'point', 'data': {'lng': 2.372029, 'lat': 48.85673}}","[{'author': 'Rob Wise', 'text': 'This has to be one of THE HIDDEN GEMS of Paris. This isn‚Äôt on any tourist lists of places to eat and it‚Äôs not typical French food, but it is delicious and the vibe in this place is immaculate. We enjoyed it so much, we went back on our last night in Paris to have it again!  Beef Ho Fun is easily the best dish we had in Paris and the Sweet and Sour Chicken is unlike any version we‚Äôve had in the best way possible. Also, if you‚Äôre a dessert person, the lava French toast is a must try!  We would eat here again and again and will recommend this place to anyone traveling to Paris!', 'rating': '5', 'date_published': 1695294145000, 'author_profile_url': 'https://www.google.com/maps/contrib/106420206648122939671/reviews', 'lang': 'en'}]"
142,1712447792734,ChIJQQI3N-hv5kcRNibepqFop8g,4.7,Kous,18,"96 rue Saint-Denis 75001, Paris",True,['https://res.cloudinary.com/di65pb1aa/video/upload/v1711624244/f7qzfvlgercuaopxbzqh.mp4'],+33142334107,"[2, 7, 9, 10]",,https://kous-baracouscous-amsterdam.com/fr,False,True,"['Monday: 11:30\u202fAM\u2009‚Äì\u20093:00\u202fPM, 7:00\u2009‚Äì\u200910:00\u202fPM', 'Tuesday: 11:30\u202fAM\u2009‚Äì\u20093:00\u202fPM, 7:00\u2009‚Äì\u200910:00\u202fPM', 'Wednesday: 11:30\u202fAM\u2009‚Äì\u20093:00\u202fPM, 7:00\u2009‚Äì\u200910:00\u202fPM', 'Thursday: 11:30\u202fAM\u2009‚Äì\u20093:00\u202fPM, 7:00\u2009‚Äì\u200910:00\u202fPM', 'Friday: 11:30\u202fAM\u2009‚Äì\u20093:00\u202fPM, 7:00\u2009‚Äì\u200910:00\u202fPM', 'Saturday: 11:30\u202fAM\u2009‚Äì\u20093:00\u202fPM, 7:00\u2009‚Äì\u200910:00\u202fPM', 'Sunday: Closed']",https://maps.googleapis.com/maps/api/place/photo?maxwidth=400&photoreference=ATplDJZOHsRMPuka9_IHNxobFk9or6ZH36vOvTwrNd6Y68gRyVAXM_fyi7vXOGNCeWka-XjbP4LuX25sC_J4UHULSZ56PRMH-Kc1tvAKmjWXLWCS1zcZ1JtQ9GQSKt_9LDTv8Oux8MpN9b1IopRRdNelntljH0e_K6iEg1eKTBL4dxdjg16E&key=AIzaSyBM05T0u8LoAKr2MtbTIjXtFmrU-06ye6U,846,"{'type': 'point', 'data': {'lng': 2.349907, 'lat': 48.863245}}","[{'author': 'Sophia Divita', 'text': 'This place was THE BEST! I met the owner Bader and he was super nice. A must try if you‚Äôre in Paris!', 'rating': '5', 'date_published': 1694098364000, 'author_profile_url': 'https://www.google.com/maps/contrib/103923188364073001947/reviews', 'lang': 'en'}]"
131,1712447743005,ChIJUcyFxxxv5kcRF2lLWhD03L4,4.7,CHEZ HAKI,18,"43 Rue des Gravilliers, 75003 Paris",True,"['https://res.cloudinary.com/di65pb1aa/video/upload/v1710870277/ykbtauvb7vyggpptd5hx.mp4', 'https://res.cloudinary.com/di65pb1aa/video/upload/v1710870302/ndpybc4p4zmoxb3dbhef.mp4', 'https://res.cloudinary.com/di65pb1aa/video/upload/v1710870376/uq48tme2ghhh6d2t6xjd.mp4']",09 87 36 29 43,"[1, 9]",,https://chezhaki.eatbu.com/?lang=fr,True,False,"['Monday: 11:30\u202fAM\u2009‚Äì\u200910:30\u202fPM', 'Tuesday: 11:30\u202fAM\u2009‚Äì\u200910:30\u202fPM', 'Wednesday: Closed', 'Thursday: 11:30\u202fAM\u2009‚Äì\u200910:30\u202fPM', 'Friday: 11:30\u202fAM\u2009‚Äì\u200910:30\u202fPM', 'Saturday: 11:30\u202fAM\u2009‚Äì\u200910:30\u202fPM', 'Sunday: 11:30\u202fAM\u2009‚Äì\u200910:30\u202fPM']",https://maps.googleapis.com/maps/api/place/photo?maxwidth=400&photoreference=ATplDJYjz2xmk2yfXLY9fOSQPziEo1200DRKW6xYerz4eOXG3bACO-BT8tkiMFWIn9g51oaAsWzDMAyvN_XOjdU9yUecLk6aB3jHk-NKL2_PCj5AQPhejeO3gV7Prjqm3-jP2RTBW102MvUBSYqJayBle3Yg6pROoUsKnM2Bxvli5vXWGVvH&key=AIzaSyBM05T0u8LoAKr2MtbTIjXtFmrU-06ye6U,1906,"{'type': 'point', 'data': {'lng': 2.355487, 'lat': 48.86414}}","[{'author': 'Micayla Ramos', 'text': 'The food was incredible. Tender noodles with the perfect chew with rich delicious broth. We loved the S7! The service was excellent and the atmosphere cozy. A perfect rich and hearty meal at very reasonable prices especially for the flavor, portions, and quality.', 'rating': '5', 'date_published': 1712093361000, 'author_profile_url': 'https://www.google.com/maps/contrib/105572440024582186664/reviews', 'lang': 'en'}]"
139,1712447770050,ChIJm669r6Nx5kcRE3-uqEssNQQ,4.7,Kous,18,116 bd du Montparnasse,True,['https://res.cloudinary.com/di65pb1aa/video/upload/v1711624244/f7qzfvlgercuaopxbzqh.mp4'],,"[7, 2, 9, 10]",,https://kous-baracouscous-montparnasse.com/fr,False,False,"['Monday: Closed', 'Tuesday: 11:30\u202fAM\u2009‚Äì\u20093:00\u202fPM, 6:30\u2009‚Äì\u200910:00\u202fPM', 'Wednesday: 11:30\u202fAM\u2009‚Äì\u20093:00\u202fPM, 6:30\u2009‚Äì\u200910:00\u202fPM', 'Thursday: 11:30\u202fAM\u2009‚Äì\u20093:00\u202fPM, 6:30\u2009‚Äì\u200910:00\u202fPM', 'Friday: 11:30\u202fAM\u2009‚Äì\u20093:00\u202fPM, 6:30\u2009‚Äì\u200910:00\u202fPM', 'Saturday: 11:00\u202fAM\u2009‚Äì\u20093:00\u202fPM, 6:30\u2009‚Äì\u200910:00\u202fPM', 'Sunday: Closed']",https://maps.googleapis.com/maps/api/place/photo?maxwidth=400&photoreference=ATplDJbpYzrSgF0x0NcQ-k8b2q6cvqf3LNQPs6Pl3x-9ICoUk7viA2QWiKTpPOYKyMS1J_FqAYlQ38UAeT4FJp8VB-Fl21gJ6YeqhMJpn6SlH8xa-qG69du5ZIoBqn3s6Q0oWwmBXLY-GFLnRnEZrJGRZp22A7V9_55fYtHwZu_-CSdShFhl&key=AIzaSyBM05T0u8LoAKr2MtbTIjXtFmrU-06ye6U,341,"{'type': 'point', 'data': {'lng': 2.330378, 'lat': 48.841535}}","[{'author': 'Rania Hatimy', 'text': 'So good', 'rating': '5', 'date_published': 1707830072000, 'author_profile_url': 'https://www.google.com/maps/contrib/109206510652453500462/reviews', 'lang': 'en'}]"
128,1712447720022,ChIJT3S9CYhv5kcRQbdZVUPGYak,4.7,Taco Mesa,18,"40 Rue du Faubourg Poissonni√®re, 75010 Paris",True,"['https://res.cloudinary.com/di65pb1aa/video/upload/v1710869817/wk0grgssukjlsaraks72.mp4', 'https://res.cloudinary.com/di65pb1aa/video/upload/v1710869839/mwvsgxtsuhiqdkgjljem.mp4', 'https://res.cloudinary.com/di65pb1aa/video/upload/v1710869873/umv10xjcwmeywd1xmzja.mp4']",09 78 81 06 00,[13],,https://tacomesa.fr/,False,True,"['Monday: 12:00\u2009‚Äì\u20092:30\u202fPM, 7:30\u2009‚Äì\u200910:00\u202fPM', 'Tuesday: 12:00\u2009‚Äì\u20092:30\u202fPM, 7:30\u2009‚Äì\u200910:00\u202fPM', 'Wednesday: 12:00\u2009‚Äì\u20092:30\u202fPM, 7:30\u2009‚Äì\u200910:00\u202fPM', 'Thursday: 12:00\u2009‚Äì\u20092:30\u202fPM, 7:30\u2009‚Äì\u200910:00\u202fPM', 'Friday: 12:00\u2009‚Äì\u20092:30\u202fPM, 7:30\u2009‚Äì\u200910:00\u202fPM', 'Saturday: 12:00\u2009‚Äì\u20092:30\u202fPM, 7:30\u2009‚Äì\u200910:00\u202fPM', 'Sunday: Closed']",https://maps.googleapis.com/maps/api/place/photo?maxwidth=400&photoreference=ATplDJbiaL5JSNvkGMRtCtAuGLz6GTPRjhwoBfkQrw-YZxHysWPoywb3lHgi6-zAhszQ_cVWRpkfU3mBio98xKTCD6m8njpKlNFO6yUEk9v3PvH45vfCw2W3A0qMcW8xpPe_LvOE9jW1M4qQ8uY41V7lghI_ufutjCfMEhArufOhj69iNh38&key=AIzaSyBM05T0u8LoAKr2MtbTIjXtFmrU-06ye6U,113,"{'type': 'point', 'data': {'lng': 2.348008, 'lat': 48.873599}}","[{'author': 'Remi Mahmoud', 'text': 'BEST Tacos in Paris üåÆ!!taste and feel like Mexico!! üá≤üáΩ SOOOO good', 'rating': '5', 'date_published': 1707701122000, 'author_profile_url': 'https://www.google.com/maps/contrib/101157995984609790794/reviews', 'lang': 'en'}]"
134,1712447745671,ChIJWQgua8pR5kcRdoCY0-6cnjI,4.7,GYOZA HOUSE,18,"20 Rue de Ch√¢teaudun, 75009 Paris",True,['https://res.cloudinary.com/di65pb1aa/video/upload/v1711623718/rzzrcqopcbmfpskgjppg.mp4'],01 73 75 24 47,"[1, 9, 10, 2]",2,https://www.gyozahouse.fr/,True,True,"['Monday: 12:00\u2009‚Äì\u20099:00\u202fPM', 'Tuesday: 12:00\u2009‚Äì\u20099:00\u202fPM', 'Wednesday: 12:00\u2009‚Äì\u20099:00\u202fPM', 'Thursday: 12:00\u2009‚Äì\u20099:00\u202fPM', 'Friday: 12:00\u2009‚Äì\u20099:00\u202fPM', 'Saturday: 12:00\u2009‚Äì\u20099:00\u202fPM', 'Sunday: Closed']",https://maps.googleapis.com/maps/api/place/photo?maxwidth=400&photoreference=ATplDJYp3cWbwr7j0XdULSRkD6plHDoMx12yF6hRLtX8gnklISRxg5Oz5hTYhVrQ3V0IUZIPequu1x4uJMTgJtO9MBYQhl5y7joUB6aJQWMB6vaegwyHXXfbqc2jLTMz5qf44gJeVwe2i6tO_9NBa9OdA_2rA89RrpCpz6K2D1YGD9Ya5ocC&key=AIzaSyBM05T0u8LoAKr2MtbTIjXtFmrU-06ye6U,2437,"{'type': 'point', 'data': {'lng': 2.338314, 'lat': 48.876096}}","[{'author': 'Elias Abou Haydar', 'text': 'For me, it‚Äôs easy. If you feel like eating gyozas, you need to come to this place.\n\nIt‚Äôs the best gyozas you can find in the city.\n\nThe service is nice and very polite.\n\nYou won‚Äôt be disappointed. I highly recommend.', 'rating': '5', 'date_published': 1698867672000, 'author_profile_url': 'https://www.google.com/maps/contrib/105336789334033682765/reviews', 'lang': 'en'}]"
133,1712447744884,ChIJZWuKoD1u5kcR50NbI_39dcE,4.8,Mopa,18,"17 Rue du Croissant, 75002 Paris",True,['https://res.cloudinary.com/di65pb1aa/video/upload/v1711458398/nfohsodkujmh4pkgta7r.mp4'],09 81 44 98 93,"[9, 10]",2,https://mopa-concept.fr/,True,True,"['Monday: 12:00\u2009‚Äì\u20092:00\u202fPM, 7:00\u2009‚Äì\u20099:30\u202fPM', 'Tuesday: 12:00\u2009‚Äì\u20092:00\u202fPM, 7:00\u2009‚Äì\u20099:30\u202fPM', 'Wednesday: 12:00\u2009‚Äì\u20092:00\u202fPM, 7:00\u2009‚Äì\u20099:30\u202fPM', 'Thursday: 12:00\u2009‚Äì\u20092:00\u202fPM, 7:00\u2009‚Äì\u20099:30\u202fPM', 'Friday: 12:00\u2009‚Äì\u20092:00\u202fPM, 7:00\u2009‚Äì\u20099:30\u202fPM', 'Saturday: 11:00\u202fAM\u2009‚Äì\u20093:00\u202fPM, 7:00\u2009‚Äì\u20099:30\u202fPM', 'Sunday: 11:00\u202fAM\u2009‚Äì\u20093:00\u202fPM, 7:00\u2009‚Äì\u20099:30\u202fPM']",https://maps.googleapis.com/maps/api/place/photo?maxwidth=400&photoreference=ATplDJa_Kig9i-KFiJRc0TtjDimVFaNa7B7A-K6SHXj-EJxQ7LrQUAg43oh2uis9zhem_TVM-ENoc6h59kYCt0ELxRkM3kpIXTylB-Jhv7KfFRhIhq4IwTglrkyhUSLZIctiywHvUzZnHGtSh7xfO_ubwbymJEKKoHxmuQG7wtAL_EQCnI5V&key=AIzaSyBM05T0u8LoAKr2MtbTIjXtFmrU-06ye6U,895,"{'type': 'point', 'data': {'lng': 2.343949, 'lat': 48.868904}}","[{'author': 'Fran Pilkington-Cheney', 'text': 'Great little vegan place. Food was very tasty, service was brilliant. We had the cheeseburger, bacon burger and Berliner kebap with fries. Good came quickly, not greasy at all. Red wine was a good accompaniment!', 'rating': '5', 'date_published': 1693599448000, 'author_profile_url': 'https://www.google.com/maps/contrib/114140047473939069331/reviews', 'lang': 'en'}]"
138,1712447769220,ChIJw2nOM-Rv5kcRkILdyC7xat4,4.8,Green Farmer's Paris,18,"49 Bd de Clichy, 75009 Paris",True,['https://res.cloudinary.com/di65pb1aa/video/upload/v1711624189/qc2wyecmzpv14x0mjzf1.mp4'],01 73 74 18 21,"[9, 10]",,http://www.greenfarmers-vegan.com/,True,True,"['Monday: 11:00\u202fAM\u2009‚Äì\u200911:00\u202fPM', 'Tuesday: 11:00\u202fAM\u2009‚Äì\u200911:00\u202fPM', 'Wednesday: 11:00\u202fAM\u2009‚Äì\u200911:00\u202fPM', 'Thursday: 11:00\u202fAM\u2009‚Äì\u200911:00\u202fPM', 'Friday: 11:00\u202fAM\u2009‚Äì\u200912:00\u202fAM', 'Saturday: 11:00\u202fAM\u2009‚Äì\u200912:00\u202fAM', 'Sunday: 11:00\u202fAM\u2009‚Äì\u200911:00\u202fPM']",https://maps.googleapis.com/maps/api/place/photo?maxwidth=400&photoreference=ATplDJYk61dNKZSANSiROFzyceQzagkp0raOI_0NWf2kZGtGcoIIHFouyvdN1ZGw1CKD-FNMqwoJlfYmWmnVQuOkzx52h9_TWLOv6HkTxkBzuIpIedOBrFXat5YKlqs2DYc7rFrOYZd-bWh23kwC2Upq8ZEu4LA8X7uay4CLWx7vHY0BZAaE&key=AIzaSyBM05T0u8LoAKr2MtbTIjXtFmrU-06ye6U,436,"{'type': 'point', 'data': {'lng': 2.32878, 'lat': 48.880403}}","[{'author': 'Amina Panduru', 'text': 'One of the best vegan burgers ever! If you feed this to a non vegetarian, for sure he will not notice ü§´\n\nI got the chichen burger and I loved it! Onion rings were too greasy though.\nThe truffle mayo sauce was wow!\n\nIt‚Äôs great that this place is open even between lunch and dinner when many restaurants close. üéâ', 'rating': '5', 'date_published': 1699136352000, 'author_profile_url': 'https://www.google.com/maps/contrib/108674275854574740720/reviews', 'lang': 'en'}]"
126,1712447718009,ChIJO1zRe31x5kcRp1SrbxehAK4,4.8,LiBeyrouth,18,"72 Rue Mouffetard, 75005 Paris",True,"['https://res.cloudinary.com/di65pb1aa/video/upload/v1710869501/krfxwlezg2o7y7iwswlx.mp4', 'https://res.cloudinary.com/di65pb1aa/video/upload/v1710869523/df1w8ekkgr7mvftqldsp.mp4', 'https://res.cloudinary.com/di65pb1aa/video/upload/v1710869546/un7xcxwv8hdbtngsb5tc.mp4']",,"[7, 4]",,https://instagram.com/li_beyrouth_rest?igshid=YmMyMTA2M2Y=,True,True,"['Monday: 12:00\u2009‚Äì\u20093:00\u202fPM, 6:30\u2009‚Äì\u200910:30\u202fPM', 'Tuesday: 12:00\u2009‚Äì\u20093:00\u202fPM, 6:30\u2009‚Äì\u200910:30\u202fPM', 'Wednesday: 12:00\u2009‚Äì\u20093:00\u202fPM, 6:30\u2009‚Äì\u200910:30\u202fPM', 'Thursday: 12:00\u2009‚Äì\u20093:00\u202fPM, 6:30\u2009‚Äì\u200910:30\u202fPM', 'Friday: 12:00\u2009‚Äì\u20093:00\u202fPM, 6:30\u2009‚Äì\u200910:30\u202fPM', 'Saturday: 12:00\u2009‚Äì\u20093:00\u202fPM, 6:30\u2009‚Äì\u200910:30\u202fPM', 'Sunday: 12:00\u2009‚Äì\u20093:00\u202fPM, 6:30\u2009‚Äì\u200910:30\u202fPM']",https://maps.googleapis.com/maps/api/place/photo?maxwidth=400&photoreference=ATplDJZAIMoNCPQomTxzwvd8omJH2wevo8mwytSLTA59amCOturMzR4gm4JkRhWRcvEtwwlN_nteh3Y8eMMwgWSYT973G-UTDIoxL93Cl9x7uaXp40e_5V0mKJEZihXS3GInhDTVz3lYWOr4pc3kVM24YvGjlVuwd3zmgcFf5lZIucQozHCE&key=AIzaSyBM05T0u8LoAKr2MtbTIjXtFmrU-06ye6U,1719,"{'type': 'point', 'data': {'lng': 2.349656, 'lat': 48.842575}}","[{'author': 'Theo Sayad', 'text': 'We went for the 20‚Ç¨ buffet and there was a long queue but we decided to wait. We got seated in a bit of a tight space but the Lebanese staff were super friendly and welcoming and offered us drinks and desserts. The food was also of high quality, and overall, it was a nice experience. Would definitely recommend, worth the wait.', 'rating': '5', 'date_published': 1712411519000, 'author_profile_url': 'https://www.google.com/maps/contrib/102913402663645081832/reviews', 'lang': 'en'}]"
124,1712447716347,ChIJHfVz90Jx5kcRe2z0uKPZIUc,4.8,La Piadineria,18,"26 Rue Soufflot, 75005 Paris",True,"['https://res.cloudinary.com/di65pb1aa/video/upload/v1710869192/jemxhvkwdsrotye1m9qb.mp4', 'https://res.cloudinary.com/di65pb1aa/video/upload/v1710869211/nceandyj5ujegybljcop.mp4', 'https://res.cloudinary.com/di65pb1aa/video/upload/v1710869229/yh0hcbefns5azvew30gl.mp4']",01 56 81 80 85,[6],,https://www.lapiadineria.com/?lang=fr,False,False,"['Monday: 11:00\u202fAM\u2009‚Äì\u200910:00\u202fPM', 'Tuesday: 11:00\u202fAM\u2009‚Äì\u200910:00\u202fPM', 'Wednesday: 11:00\u202fAM\u2009‚Äì\u200910:00\u202fPM', 'Thursday: 11:00\u202fAM\u2009‚Äì\u200910:00\u202fPM', 'Friday: 11:00\u202fAM\u2009‚Äì\u200910:00\u202fPM', 'Saturday: 11:00\u202fAM\u2009‚Äì\u200910:00\u202fPM', 'Sunday: 11:00\u202fAM\u2009‚Äì\u200910:00\u202fPM']",https://maps.googleapis.com/maps/api/place/photo?maxwidth=400&photoreference=ATplDJbm6BRov36eYuTytixE3t3Nimk-acz3Z6p_9QKNS-6FUEYj-GvdE8ZVtLG0GFV8GvG_h9SnXVZTaTzOkEwEIP4cE9E8-wajmDSkLFpPMwv68mI0fb9Pnl8lhIey9xSxIWLfATEtC9l_TfX7vwNpRc-yPDR6CzsaajacfKlhTiAiKZOD&key=AIzaSyBM05T0u8LoAKr2MtbTIjXtFmrU-06ye6U,102,"{'type': 'point', 'data': {'lng': 2.341355, 'lat': 48.847384}}","[{'author': 'Jasmyn Douglas', 'text': 'Amazing service! Very friendly and welcoming!', 'rating': '5', 'date_published': 1712433362000, 'author_profile_url': 'https://www.google.com/maps/contrib/110620515514395942528/reviews', 'lang': 'en'}]"
118,1712447691197,ChIJOVhA5XRx5kcRzbgA7UFiWNs,4.8,RAMEN WANG,18,"20 Rue des Plantes, 75014 Paris",True,"['https://res.cloudinary.com/di65pb1aa/video/upload/v1710863282/atj5xep2u6acixu4snq9.mp4', 'https://res.cloudinary.com/di65pb1aa/video/upload/v1710863311/cfoyb4khtq1lwpgztc1f.mp4', 'https://res.cloudinary.com/di65pb1aa/video/upload/v1710863856/d1im17yuuri2yb9gytgz.mp4']",01 45 43 09 63,[1],2,https://www.ramenwang.fr/,True,True,"['Monday: 12:00\u2009‚Äì\u20092:30\u202fPM, 7:00\u2009‚Äì\u200910:30\u202fPM', 'Tuesday: 12:00\u2009‚Äì\u20092:30\u202fPM, 7:00\u2009‚Äì\u200910:30\u202fPM', 'Wednesday: 12:00\u2009‚Äì\u20092:30\u202fPM, 7:00\u2009‚Äì\u200910:30\u202fPM', 'Thursday: 12:00\u2009‚Äì\u20092:30\u202fPM, 7:00\u2009‚Äì\u200910:30\u202fPM', 'Friday: 12:00\u2009‚Äì\u20092:30\u202fPM, 7:00\u2009‚Äì\u200910:30\u202fPM', 'Saturday: 12:00\u2009‚Äì\u20092:30\u202fPM, 7:00\u2009‚Äì\u200910:30\u202fPM', 'Sunday: Closed']",https://maps.googleapis.com/maps/api/place/photo?maxwidth=400&photoreference=ATplDJb59XCeeiwetRwyE6Ggkvn5BEeRP0R9_I411a1WyqTcUghrTUON0owGZxNSPuIpBal_6xxwUxisprN_QA0JSOW7uMtDjCUuBqSyxZfslASsztQOaug5JAx6nEJmBHlPCocG7WkXXQJSf5nwQvOUhGfsJbVw3sc4kGlrz1Pw0dvFd9xg&key=AIzaSyBM05T0u8LoAKr2MtbTIjXtFmrU-06ye6U,545,"{'type': 'point', 'data': {'lng': 2.324057, 'lat': 48.831251}}","[{'author': 'Monica Rivera', 'text': 'Everything was delicious! Ramen was amazing with lots of flavors. The veggie gyozas as appetizers were tasty too. Nice variety of desserts and I really recommend the matcha financiers with ginger ice cream. Nice wine by the glass as well. Very cozy venue and ambience. A must!', 'rating': '5', 'date_published': 1675549566000, 'author_profile_url': 'https://www.google.com/maps/contrib/107074390665313624214/reviews', 'lang': 'en'}]"
137,1712447768375,ChIJy4ZPFOJt5kcRxxE6jOjnxE4,4.8,Marcus Pizze Amore,18,"4 Rue Bichat, 75010 Paris",True,['https://res.cloudinary.com/di65pb1aa/video/upload/v1711624143/dxk4jskxdpwsf97uojna.mp4'],09 62 52 14 36,"[6, 9, 10]",2,http://marcusparis.com/,False,True,"['Monday: 12:00\u2009‚Äì\u20092:30\u202fPM, 7:00\u2009‚Äì\u200910:00\u202fPM', 'Tuesday: 12:00\u2009‚Äì\u20092:30\u202fPM, 7:00\u2009‚Äì\u200910:30\u202fPM', 'Wednesday: 12:00\u2009‚Äì\u20092:30\u202fPM, 7:00\u2009‚Äì\u200910:30\u202fPM', 'Thursday: 12:00\u2009‚Äì\u20092:30\u202fPM, 7:00\u2009‚Äì\u200910:30\u202fPM', 'Friday: 12:00\u2009‚Äì\u20092:30\u202fPM, 7:00\u2009‚Äì\u200910:30\u202fPM', 'Saturday: 12:00\u2009‚Äì\u20092:30\u202fPM, 7:00\u2009‚Äì\u200910:30\u202fPM', 'Sunday: 7:00\u2009‚Äì\u200910:30\u202fPM']",https://maps.googleapis.com/maps/api/place/photo?maxwidth=400&photoreference=ATplDJbAy8ZMi8u4ChLHjHsqx-gXWosKBcJjWoj4V8HM6oJBltB_KzDACpRSDwX1D3Ha1ZMEUPll7W7kAOgTwvLrgmo4NFAW45rlwOk0cy3qRP6Rw7OXtMEU218mDDJMzKrpazdFXe3ghR20p2zypIshYwoP3WRxZftNkJ6O_kso8jFmb2DZ&key=AIzaSyBM05T0u8LoAKr2MtbTIjXtFmrU-06ye6U,484,"{'type': 'point', 'data': {'lng': 2.369274, 'lat': 48.869724}}","[{'author': 'Stephanie Safdie', 'text': 'Super friendly staff and AMAZING vegan pizza. The vegan tiramisu was also amazing. Would 10/10 eat here again!', 'rating': '5', 'date_published': 1710501388000, 'author_profile_url': 'https://www.google.com/maps/contrib/107495179346255478258/reviews', 'lang': 'en'}]"
107,1712447618012,ChIJqSmqRVdv5kcRWn3NXEJnXIg,4.8,Jungle Palace,18,12 RUE DE LA FID√âLIT√â  75010 PARIS,True,"['https://res.cloudinary.com/di65pb1aa/video/upload/v1709734233/wcsp3qs56zekk045gjd5.mp4', 'https://res.cloudinary.com/di65pb1aa/video/upload/v1709734242/hxskxq8kmqzeem5q7gic.mp4', 'https://res.cloudinary.com/di65pb1aa/video/upload/v1709734251/citeyqbp34kwflodsfke.mp4']",,[5],,https://www.ephemera-group.com/jungle-palace-ephemera,True,True,"['Monday: 12:00\u2009‚Äì\u20092:30\u202fPM, 7:00\u2009‚Äì\u200910:30\u202fPM', 'Tuesday: 12:00\u2009‚Äì\u20092:30\u202fPM, 7:00\u2009‚Äì\u200910:30\u202fPM', 'Wednesday: 12:00\u2009‚Äì\u20092:30\u202fPM, 7:00\u2009‚Äì\u200910:30\u202fPM', 'Thursday: 12:00\u2009‚Äì\u20092:30\u202fPM, 7:00\u2009‚Äì\u200910:00\u202fPM', 'Friday: 12:00\u2009‚Äì\u20092:30\u202fPM, 7:00\u2009‚Äì\u200910:30\u202fPM', 'Saturday: 12:00\u2009‚Äì\u20092:30\u202fPM, 7:00\u2009‚Äì\u200910:30\u202fPM', 'Sunday: 12:00\u2009‚Äì\u20092:30\u202fPM, 7:00\u2009‚Äì\u200910:30\u202fPM']",https://maps.googleapis.com/maps/api/place/photo?maxwidth=400&photoreference=ATplDJZMiwmZ4cpvspYq3I42Q-IMIKwFTENKq0vz1SNMxzUZWJJhc0QsY2vBdzi9pMdVbQOM-fq3QGPStG3sbgPfY7a51lS0oUHnao9IhNV7JCFRG6pokrHRpdVyGRpRZZfQZs54sKGLcGiZBamt8f5vnOAuLuMd8IB0mTbA2jFhnMDe4UEE&key=AIzaSyBM05T0u8LoAKr2MtbTIjXtFmrU-06ye6U,4881,"{'type': 'point', 'data': {'lng': 2.35674, 'lat': 48.874653}}","[{'author': 'Marie Mac', 'text': ""Def must visit , loved the ambience and the Pulled Pork Burger was amazing .also recommend the eggplant for starter !!! The Banoffee desert was lovely and light and we all enjoyed the whole experience.\nService was super attentive and smiling all the time , making our visit memorable. Dishes were well explained to us as well. In particular, our waitress named Aure was very sweet and knows her job to a tee.\n\nOnly comment for restaurant was that at some point the music was a little repetitive. But didn't bother me that much but just something to consider"", 'rating': '5', 'date_published': 1709665317000, 'author_profile_url': 'https://www.google.com/maps/contrib/106156906629811144400/reviews', 'lang': 'en'}]"
141,1712447771737,ChIJ9SW_2SJv5kcRYZJVfm07LoM,4.8,Maslow - Restaurant Paris 1,18,"14 Quai de la M√©gisserie, 75001 Paris",True,['https://res.cloudinary.com/di65pb1aa/video/upload/v1711624425/jrms85vdx3579zhrbvbo.mp4'],,"[9, 10]",2,https://maslow-group.com/,True,True,"['Monday: 12:00\u2009‚Äì\u200911:30\u202fPM', 'Tuesday: 12:00\u2009‚Äì\u200911:30\u202fPM', 'Wednesday: 12:00\u2009‚Äì\u200911:30\u202fPM', 'Thursday: 12:00\u2009‚Äì\u200911:30\u202fPM', 'Friday: 12:00\u2009‚Äì\u200911:30\u202fPM', 'Saturday: 12:00\u2009‚Äì\u200911:30\u202fPM', 'Sunday: 11:15\u202fAM\u2009‚Äì\u20098:30\u202fPM']",https://maps.googleapis.com/maps/api/place/photo?maxwidth=400&photoreference=ATplDJZaOsZen0kdnE17pYVuuIYMuzbSOUn3gtMpZ7Yxtaqugk9Yt_ym_g1-bkDt6WWWSyZ4wm94Rtw1JyW_KqkXidpdTl_dQGm2WosHGB43q8_JDjqPbqfY1pDNlySOL6Kita8Xli58UdEXEGelPER3EthcRbCUUZG7tAp0oIXYa5Xkpc-i&key=AIzaSyBM05T0u8LoAKr2MtbTIjXtFmrU-06ye6U,3932,"{'type': 'point', 'data': {'lng': 2.344247, 'lat': 48.858134}}","[{'author': 'Katarina H', 'text': 'Best meal in Paris by far. Kid approved as well! The service, ambience and food quality was superb. Our waiter Alex was so kind and attentive. He made just the perfect recommendations. We are looking forward to coming back! Merci beaucoup!!', 'rating': '5', 'date_published': 1711743897000, 'author_profile_url': 'https://www.google.com/maps/contrib/112399567715751525668/reviews', 'lang': 'en'}]"
132,1712447744046,ChIJqcm0XHVv5kcRAdg_SFD1ZZQ,4.8,Plan D - DWICH & GLACE,18,"22 Rue des Vinaigriers, 75010 Paris",True,['https://res.cloudinary.com/di65pb1aa/video/upload/v1711457946/j0mmlxiuvtcjq0myfbti.mp4'],,"[9, 10]",,https://daimantcollective.com/,False,True,"['Monday: 12:00\u2009‚Äì\u20093:30\u202fPM, 7:00\u2009‚Äì\u20099:30\u202fPM', 'Tuesday: 12:00\u2009‚Äì\u20093:30\u202fPM, 7:00\u2009‚Äì\u20099:30\u202fPM', 'Wednesday: 12:00\u2009‚Äì\u20093:30\u202fPM, 7:00\u2009‚Äì\u20099:30\u202fPM', 'Thursday: 12:00\u2009‚Äì\u20093:30\u202fPM, 7:00\u2009‚Äì\u20099:30\u202fPM', 'Friday: 12:00\u2009‚Äì\u20093:30\u202fPM, 7:00\u2009‚Äì\u20099:30\u202fPM', 'Saturday: 12:00\u2009‚Äì\u20099:30\u202fPM', 'Sunday: 12:00\u2009‚Äì\u20097:00\u202fPM']",https://maps.googleapis.com/maps/api/place/photo?maxwidth=400&photoreference=ATplDJbeW0Z19xxN-mAiNU3KjfCecHSBZtCLQegnqB8KCSSlJy6bBjj6VHvMAFYFV25EGtmvPMNFEzSAcqxGhbtSgeAssTgNm7QTOSewomdc4GFK7sCljF6qDfeO1k6UAvGBIBhPkGUzYIEhl2SzDMnJL1opvyvQ2BZdtRngOAv37XdOrQtw&key=AIzaSyBM05T0u8LoAKr2MtbTIjXtFmrU-06ye6U,572,"{'type': 'point', 'data': {'lng': 2.363196, 'lat': 48.873202}}","[{'author': 'Valentine B', 'text': ""Plan D is a haven for vegetarian/vegan sandwich enthusiasts.\nIt's a blast to find a place where you can eat vegan without feeling like you're left with the side dish. Highly recommended for anyone seeking a delicious and satisfying experience that leaves a lasting impression."", 'rating': '5', 'date_published': 1711452808000, 'author_profile_url': 'https://www.google.com/maps/contrib/105173715322746306920/reviews', 'lang': 'en'}]"
145,1712447796391,ChIJ9cxIebxz5kcRlKFpuVusEZg,4.9,Wakanda factory Paris nation,18,"23 Rue Claude Tillier, 75012 Paris",True,['https://res.cloudinary.com/di65pb1aa/video/upload/v1711788147/xetkxwrf6eeozaqqnz9x.mp4'],01 89 33 12 85,"[8, 2]",,http://wakandafood.fr/,False,False,"['Monday: 11:00\u202fAM\u2009‚Äì\u20093:00\u202fPM, 6:00\u2009‚Äì\u200911:00\u202fPM', 'Tuesday: 11:00\u202fAM\u2009‚Äì\u20093:00\u202fPM, 6:00\u2009‚Äì\u200911:00\u202fPM', 'Wednesday: 11:00\u202fAM\u2009‚Äì\u20093:00\u202fPM, 6:00\u2009‚Äì\u200911:00\u202fPM', 'Thursday: 11:00\u202fAM\u2009‚Äì\u20093:00\u202fPM, 6:00\u2009‚Äì\u200911:00\u202fPM', 'Friday: 6:00\u202fPM\u2009‚Äì\u200912:00\u202fAM', 'Saturday: 11:00\u202fAM\u2009‚Äì\u20093:00\u202fPM, 6:00\u202fPM\u2009‚Äì\u200912:00\u202fAM', 'Sunday: 6:00\u2009‚Äì\u200911:00\u202fPM']",https://maps.googleapis.com/maps/api/place/photo?maxwidth=400&photoreference=ATplDJZA75JiTL5bgp2nVeW5lyzgXYbF9j3HfWf0GwZD_MlWvvaDA43o05rG5qYb-fCBSIjYlUnTmYPJ0mKIDR_77omJBLgPBUjrACNJ17IlhUI34ha1toSKFz95-NW92Vuk3W9nFQmfFpoqjy009GnKvAFYFFJTODOwQFK8To5HYQeRcvWX&key=AIzaSyBM05T0u8LoAKr2MtbTIjXtFmrU-06ye6U,300,"{'type': 'point', 'data': {'lng': 2.388338, 'lat': 48.848454}}","[{'author': 'J H', 'text': 'Welcoming place with easy going vibes. They serve big portion of delicious food', 'rating': '5', 'date_published': 1706901101000, 'author_profile_url': 'https://www.google.com/maps/contrib/103311719547736793238/reviews', 'lang': 'en'}]"
125,1712447717198,ChIJZQGNQmRz5kcRAGzYhW7gHwU,4.9,Fay‚Äôsi Tis,18,"183 Rue du Faubourg Saint-Antoine, 75011 Paris",True,"['https://res.cloudinary.com/di65pb1aa/video/upload/v1710869414/am94srilifcqyy45vbxn.mp4', 'https://res.cloudinary.com/di65pb1aa/video/upload/v1710869438/xa7mapijk0dpgfoz2zsy.mp4', 'https://res.cloudinary.com/di65pb1aa/video/upload/v1710869456/ajivky9yg6kfomavs1dw.mp4']",06 24 80 70 30,"[12, 11]",,http://www.faysitis-paris.fr/,False,False,"['Monday: 10:00\u202fAM\u2009‚Äì\u20098:00\u202fPM', 'Tuesday: 10:00\u202fAM\u2009‚Äì\u20098:00\u202fPM', 'Wednesday: 10:00\u202fAM\u2009‚Äì\u20098:00\u202fPM', 'Thursday: 10:00\u202fAM\u2009‚Äì\u20098:00\u202fPM', 'Friday: 10:00\u202fAM\u2009‚Äì\u200911:30\u202fPM', 'Saturday: 10:00\u202fAM\u2009‚Äì\u200911:30\u202fPM', 'Sunday: 10:00\u202fAM\u2009‚Äì\u20098:00\u202fPM']",https://maps.googleapis.com/maps/api/place/photo?maxwidth=400&photoreference=ATplDJbWZng_AdHFBtV8LSw_eH86UOCuRZxMfyujMxYVtgbUyWZGChu3jW9Q_q-HvWjZpfeVBigyBoJWKhgcHomYhWh-yd7s0u0AeT1KTxPY3CP5lH8YUVccmc6r65O0BpsIA3cwxFmeivHSSB4FBE51vk6UYdY99KO6uvH1zveh3LW6SDGp&key=AIzaSyBM05T0u8LoAKr2MtbTIjXtFmrU-06ye6U,371,"{'type': 'point', 'data': {'lng': 2.381323, 'lat': 48.850534}}","[{'author': 'Lokesh Murugesan', 'text': 'Excellent cookies. Really well crafted, delicious and priced at 2.50 each.', 'rating': '5', 'date_published': 1707294540000, 'author_profile_url': 'https://www.google.com/maps/contrib/105191885023748918786/reviews', 'lang': 'en'}]"
147,1712447798180,ChIJwW0cXKpv5kcRQt-2CQ9J7rk,4.9,Rice & Burger Kitchen,18,"1 Rue Blondel, 75003 Paris",True,['https://res.cloudinary.com/di65pb1aa/video/upload/v1711788920/fer26k0gqoldldkmjgs3.mp4'],01 44 93 00 36,"[8, 2, 12]",,,False,False,"['Monday: 11:30\u202fAM\u2009‚Äì\u20093:00\u202fPM, 6:00\u2009‚Äì\u200910:00\u202fPM', 'Tuesday: 11:30\u202fAM\u2009‚Äì\u20093:00\u202fPM, 6:00\u2009‚Äì\u200910:00\u202fPM', 'Wednesday: 11:30\u202fAM\u2009‚Äì\u20093:00\u202fPM, 6:00\u2009‚Äì\u200910:00\u202fPM', 'Thursday: 11:30\u202fAM\u2009‚Äì\u20093:00\u202fPM, 6:00\u2009‚Äì\u200910:00\u202fPM', 'Friday: 11:30\u202fAM\u2009‚Äì\u200910:00\u202fPM', 'Saturday: 11:30\u202fAM\u2009‚Äì\u200910:00\u202fPM', 'Sunday: Closed']",https://maps.googleapis.com/maps/api/place/photo?maxwidth=400&photoreference=ATplDJaDo5EhWGTbKSGfOU-vHM1p6m-BFnkPzXMU1ZGDLoLU90dk-lCmDwx_bB32pdUnOw02K-SjhAxKSlLs0g7Uwt2RkHL2ZGRJIozIpgUZmLrumBJhlRpiBW0-jEw37nzbIv3DUpV9YOIvIVsUlcZ3ZFqFTeRhXF5hi2e-jorYkU-XDmhh&key=AIzaSyBM05T0u8LoAKr2MtbTIjXtFmrU-06ye6U,160,"{'type': 'point', 'data': {'lng': 2.355015, 'lat': 48.868441}}","[{'author': 'Black Lovers', 'text': 'The food is always  fresh   and   test is amazing ..   üëå', 'rating': '5', 'date_published': 1712256171000, 'author_profile_url': 'https://www.google.com/maps/contrib/110296417467056360599/reviews', 'lang': 'en'}]"
130,1712447742015,ChIJJ5uMpz1z5kcRQbTr01qAuoA,4.9,Marvely,18,"46 Rue Crozatier, 75012 Paris",True,"['https://res.cloudinary.com/di65pb1aa/video/upload/v1710869998/mtk3if5cgsxdc3uk9x0d.mp4', 'https://res.cloudinary.com/di65pb1aa/video/upload/v1710870077/fa3ljkitpqltt2ff6huu.mp4', 'https://res.cloudinary.com/di65pb1aa/video/upload/v1710870134/b0dpazididpqege4gwke.mp4']",,"[2, 3, 5]",2,https://marvely.fr/,True,True,"['Monday: 10:00\u202fAM\u2009‚Äì\u20094:00\u202fPM', 'Tuesday: 10:00\u202fAM\u2009‚Äì\u20094:00\u202fPM', 'Wednesday: Closed', 'Thursday: 10:00\u202fAM\u2009‚Äì\u20094:00\u202fPM', 'Friday: 7:00\u2009‚Äì\u200911:00\u202fPM', 'Saturday: 9:00\u202fAM\u2009‚Äì\u200910:00\u202fPM', 'Sunday: 9:00\u202fAM\u2009‚Äì\u200910:00\u202fPM']",https://maps.googleapis.com/maps/api/place/photo?maxwidth=400&photoreference=ATplDJZtry9KT3R70F-fw9dtbGvd8PMxIE5pbFB0tpoJjimp0JpjL6rrVaNA0hhGr3cDHYqFlDwrCbxSqfcGoDvH-M-WzgEF1Twr6eyN6-Q3KliVXV8LScqp2ZbwYh9XrwrK4U_u39VMaIlmcPr1CLW0crzWkeQIDP81bmZoNFcocZX1PtAC&key=AIzaSyBM05T0u8LoAKr2MtbTIjXtFmrU-06ye6U,2794,"{'type': 'point', 'data': {'lng': 2.38052, 'lat': 48.848518}}","[{'author': 'April Welch', 'text': 'Amazing atmosphere with food that will make your tastebuds feel magical. If you are looking for a breakfast that‚Äôs next level please go here. Staff is very pleasant!!!', 'rating': '5', 'date_published': 1696245680000, 'author_profile_url': 'https://www.google.com/maps/contrib/109574132705249024580/reviews', 'lang': 'en'}]"
112,1712447642583,ChIJ_Z0Af5Jv5kcRUuvAU-ZKaT0,4.9,Tableaux Paris,18,"8 Rue de Hanovre, 75002 Paris",True,"['https://res.cloudinary.com/di65pb1aa/video/upload/v1710858951/s0nq2oeajiplyigdnp8a.mp4', 'https://res.cloudinary.com/di65pb1aa/video/upload/v1710859007/zxysk0add2bw5porh86n.mp4']",06 95 61 01 70,[9],,http://tableauxparis.com/,False,False,[],https://maps.googleapis.com/maps/api/place/photo?maxwidth=400&photoreference=ATplDJZ5OqKqfMpru5b_SbNbdwGjE4hDEb6KWTKqGbpT8mkH1zTLY6wmLeVn_SWsmApQSeFNHRw3KJPan6wCT9G36skuzZiVVTsuLmYfWj73OFM0afR-v9r9UNbqQudgf1INQ62whz85YmzyM1DpNY7O2qc4ylVhHLTDvTFbX72kb3Z7qA0W&key=AIzaSyBM05T0u8LoAKr2MtbTIjXtFmrU-06ye6U,363,"{'type': 'point', 'data': {'lng': 2.335116, 'lat': 48.870227}}","[{'author': 'Agnes Mougin', 'text': ""We took Tableaux for the catering part of my son's baptism and I can tell you that everything was absolutely PERFECT!!!\nThe guests were amazed by both the beauty of the buffet and the quality of the products tasted.\nI would add that the entire team is extremely kind and professional. Logistics is simple, reliable, fluid.\nIn short, I recommend with your eyes closed."", 'rating': '5', 'date_published': 1678986797000, 'author_profile_url': 'https://www.google.com/maps/contrib/100666471020569089959/reviews', 'lang': 'fr'}]"
