id,created_at,name,address_str,published,video_links,phone_number,tags_id,placeId,ratings,price,website_url,handicap,vege,schedule,picture_profile,number_of_reviews,GPS_address,reviews
1,1706198849739,Bao Express,"10 R. Br√©guet, 75011 Paris",True,"['https://res.cloudinary.com/di65pb1aa/video/upload/v1710323118/bmv9qwxdmjofyh5uuooe.mp4', 'https://res.cloudinary.com/di65pb1aa/video/upload/v1710323161/dhrwrbzyi1hxvxxcsegp.mp4', 'https://res.cloudinary.com/di65pb1aa/video/upload/v1710323280/pvwdor8zpqolx2kufapt.mp4', 'https://res.cloudinary.com/di65pb1aa/video/upload/v1710323399/bt9o9xergv4nsyg3krqw.mp4', 'https://res.cloudinary.com/di65pb1aa/video/upload/v1710323417/wptamqm66tkk1volseik.mp4', 'https://res.cloudinary.com/di65pb1aa/video/upload/v1710323426/sbst0dmkyiybohjcab1i.mp4', 'https://res.cloudinary.com/di65pb1aa/video/upload/v1710323439/qk5kiknlvsji436qjvp0.mp4', 'https://res.cloudinary.com/di65pb1aa/video/upload/v1710323450/bp1rwrdhc1mlregwwzmp.mp4']",,"[1, 2]",ChIJ2SnopiVt5kcRCpl04SjBTuY,4.7,2,https://www.baofamily.co/bao-express,True,True,"['Monday: 12:00\u2009‚Äì\u20093:00\u202fPM, 7:00\u2009‚Äì\u200911:00\u202fPM', 'Tuesday: 12:00\u2009‚Äì\u20093:00\u202fPM, 7:00\u2009‚Äì\u200911:00\u202fPM', 'Wednesday: 12:00\u2009‚Äì\u20093:00\u202fPM, 7:00\u2009‚Äì\u200911:00\u202fPM', 'Thursday: 12:00\u2009‚Äì\u20093:00\u202fPM, 7:00\u2009‚Äì\u200911:00\u202fPM', 'Friday: 12:00\u2009‚Äì\u20093:00\u202fPM, 7:00\u2009‚Äì\u200911:00\u202fPM', 'Saturday: 12:00\u2009‚Äì\u20093:30\u202fPM, 7:00\u2009‚Äì\u200911:00\u202fPM', 'Sunday: 12:00\u2009‚Äì\u20093:30\u202fPM, 7:00\u2009‚Äì\u200911:00\u202fPM']",ATplDJYhPezfyRRjVspopGAsobj1zjHXifj1E_JcXkDrrCmWU2I8V4dK7dfS7PP-Wx9QGfKcgPV3dBKgxPj5xXZ_jejCvZ7_gdN5KdMiSI-iAa69_9HnQT4jJGWu8ettspDQpOe9-d2jRcj3m4TgdfzFIZKgnwe-ZPgqnJt3YEhWM057DlHf,3197,"{'type': 'point', 'data': {'lng': 2.3722064, 'lat': 48.8565703}}","[{'author': '', 'text': 'If you looking for the correct style of food. Sorry, it is not. Fancy enough but nothing related to the food.\n\nTheir service was super quick, my dishes were delivered within 5 minutes after my order. All the food were cold when they arrivd my table.\n\nNot tasty enough. The bun meat was dry and small portion, which a qualified meat bun shoul be meaty with juice. This style Chinese food should serve in hot and not pre cook.\n\nAt last, I am questioning about how the meat bun was made. You can saw that the bamboo steamer was dry compared to the Siumai one. The Siumai steamer was wet that mean at least the Siumai was steamed in it. Anyway, it was only my observation but mean nothing.', 'rating': '1'}, {'author': '', 'text': 'I loved this place! In two weeks took the following: Chinese spring rolls (they were ok), Xiao Long Bao Shangai classic (the filling is very good and the dough is thick and fluffy), Char Siu Bao (basically the big dumplings, they are super tasty, I preferred these to the smaller ones), Aubergines Hong Shao (for sure the best thing we ate, they were delicious, I sincerely recommend these) and finally the Poulet Sweet & Sour (very good as well). We were very hungry and in the end we were quite full. Plus, the service was super kind and welcoming.', 'rating': '5'}, {'author': '', 'text': 'Very very overrated, you can find better asian\nrestaurants in Paris. Never order the lemonade, it is just water. The mango sago is a mango lassi with very few tapioca perles and some small chunks of mango. Aubergines and noodles are ok.\nService was great. A shame that food wasn‚Äôt as good. Everything is deeply fried.', 'rating': '3'}, {'author': '', 'text': 'Loved this great place. üòã\nGreat food, options even for vegans.\nBig place so you can be spontaneous, friendly staff.\nEnjoy', 'rating': '5'}, {'author': '', 'text': 'This has to be one of THE HIDDEN GEMS of Paris. This isn‚Äôt on any tourist lists of places to eat and it‚Äôs not typical French food, but it is delicious and the vibe in this place is immaculate. We enjoyed it so much, we went back on our last night in Paris to have it again!  Beef Ho Fun is easily the best dish we had in Paris and the Sweet and Sour Chicken is unlike any version we‚Äôve had in the best way possible. Also, if you‚Äôre a dessert person, the lava French toast is a must try!  We would eat here again and again and will recommend this place to anyone traveling to Paris!', 'rating': '5'}]"
13,1706536813755,JJAN,"14 rue du pont neuf, 75001 Paris",True,"['https://res.cloudinary.com/di65pb1aa/video/upload/v1708096483/oewynf4shlmpleic7d9t.mp4', 'https://res.cloudinary.com/di65pb1aa/video/upload/v1708096655/a2szemzkj2lnh4yb2agg.mp4', 'https://res.cloudinary.com/di65pb1aa/video/upload/v1708096676/cbuteijhn9y6fwvykgnb.mp4', 'https://res.cloudinary.com/di65pb1aa/video/upload/v1708096700/v0bal0vg2zazobc2pdfk.mp4']",,"[1, 3]",ChIJO2EzVqJv5kcRY3Icd5vNYYU,4,,,False,False,"['Monday: 12:00\u2009‚Äì\u200911:00\u202fPM', 'Tuesday: 12:00\u2009‚Äì\u200911:00\u202fPM', 'Wednesday: 12:00\u2009‚Äì\u200911:00\u202fPM', 'Thursday: 12:00\u2009‚Äì\u200911:00\u202fPM', 'Friday: 12:00\u2009‚Äì\u200911:00\u202fPM', 'Saturday: 12:00\u2009‚Äì\u200911:00\u202fPM', 'Sunday: 12:00\u2009‚Äì\u200911:00\u202fPM']",ATplDJY2CoDu8PHL84PhpNC0Jh21Dt7nKUxIcclK3GtGCDzM2KE2YfmsrdwVHYuYKAJ2bCIFzXVLvVYi2BjfPetE_MdR9ZT7RbDjxmRTDhnhRDZxgEzJMkPIJw9vXuN1BuYcDAvosfSkyd3NaYDWyMeGEXWGF3DPEYRKB-tExhRW6TScsJ4d,544,"{'type': 'point', 'data': {'lng': 2.344315, 'lat': 48.860111}}","[{'author': '', 'text': 'The food was very good, very close to authentic and the price for a Korean restaurant in Paris was quite ‚Äúaffordable‚Äù. The portions are big so it fills you well. It is a very popular restaurant so it gets crowded (even waiting lines outside) and there isn‚Äôt much space between tables. The staff is really nice and accommodating, if you need anything just ask and they will bring you.\nDefinitely recommend!', 'rating': '5'}, {'author': '', 'text': 'Very good Korean dishes‚Äîtwo pages of choices. Love my spicy tofu soup. They need more vegetarian choices. The bibimbap bowl should be much hotter as the rice was room temperature so it made the dish less exciting.  Spartan furniture.', 'rating': '4'}, {'author': '', 'text': 'Newly opened. Very tasty in a nicely designed restaurant.\n\nFood wise : we got the dish to share. Cheese + chicken, some KFC as well.\nIt‚Äôs all good. Loved the fried chicken with their honey soy sauce.\nOf course, they‚Äôll let you take everything in takeaway if you don‚Äôt finish.\n\nService wise : they just opened, when it‚Äôs full it gets a bit slow but I‚Äôm sure they‚Äôll improve very soon.\n\nPrice wise : I found it very affordable for that kind of Korean cuisine, especially considering it‚Äôs located in the very center of Paris.\n\nI do recommend it.', 'rating': '5'}, {'author': '', 'text': 'Great prices and great location. Small menu. We got the KFC and Budae Jigae- KFC was great and crispy and juicy. Budae came with two rice and we added spice so that was great. Nice sauce and was not too bad, 7/10. Service was quick.', 'rating': '4'}, {'author': '', 'text': 'Food looks delicious but is somehow tasteless.\nThe kimchi pancake is extra oily.\nThe service was nice and friendly.\nOverall atmosphere is loud and fun, good for an affordable dinner with friends if you are in the area and don‚Äôt care much for the food quality.', 'rating': '4'}]"
16,1706626629342,Flam&go,186 rue Saint-Maur 75010 Paris,True,"['https://res.cloudinary.com/di65pb1aa/video/upload/v1710781481/xkndfhnwgugjygojqqyw.mp4', 'https://res.cloudinary.com/di65pb1aa/video/upload/v1710858461/u4zxhmawcase7j2l93yq.mp4', 'https://res.cloudinary.com/di65pb1aa/video/upload/v1710858482/qlpscc1sdwqchkcbmc0p.mp4']",07 45 08 62 02,"[3, 5, 2]",ChIJf-eps38RPkYRwLtvdi_jGf8,4.3,,https://www.norwaysbest.com/accommodation--restaurants/bakkastova/,False,False,"['Monday: Closed', 'Tuesday: 11:00\u202fAM\u2009‚Äì\u200910:00\u202fPM', 'Wednesday: 11:00\u202fAM\u2009‚Äì\u200910:00\u202fPM', 'Thursday: 11:00\u202fAM\u2009‚Äì\u200910:00\u202fPM', 'Friday: 11:00\u202fAM\u2009‚Äì\u200910:00\u202fPM', 'Saturday: 11:00\u202fAM\u2009‚Äì\u200910:00\u202fPM', 'Sunday: 11:00\u202fAM\u2009‚Äì\u200910:00\u202fPM']",ATplDJZfoXudpy_RHspLaHK4vj7ahIzAutCADmMhl5w7hjja-jq-n43UxZk7y7g_ZRpGdv3ol-I6jLzj1UoMnbG879kOoUleJQN0g_FW30-_XOFvHkVIyQXVxIDKC8mNljlel5JaFDmaMc_c0TZ1_qnD88SiGJFV3fJiXM5TBj3H6S0prDIA,149,"{'type': 'point', 'data': {'lng': 2.372466, 'lat': 48.871298}}","[{'author': '', 'text': ""Very quant little Cafe. The decor is amazing. I had a gluten free soup that was lovely. They don't have a vegetarian option but they did have gluten free soup which was tasty... The green tea was lovely.\nWonderful atmosphere, very cozy and away from the rush in the stores..\n\nThe staff are young girls not very personable, so don't expect much from them but the place and food itself is lovely and definitely worth trying."", 'rating': '5'}, {'author': '', 'text': 'Nice place away from all the people. You have to order at the counter. As it was sunny, we enjoy our break outside. Too bad they had no espresso but the cakes were very good', 'rating': '5'}, {'author': '', 'text': 'Cute little cafe to grab a quick bite‚Ä¶friendly people, beautiful views and great food‚Ä¶we had the svele and sognalapskaus‚Ä¶amazing!', 'rating': '5'}, {'author': '', 'text': ""Beautiful place, very cozy, wonderful views, and good bathroom. For a coffee place, it only has filtered coffee and no hot milk, and it wasn't very good. The cakes looked tasty but expensive. However, it has a wide range of dining dishes we didn't try.\nGood peaceful place to hide from the rain, but coffee could be better."", 'rating': '4'}, {'author': '', 'text': 'Warm and cozy Kafe in middle of Fl√•m. It was the perfect ending to our trip to Fl√•m. We ordered some coffee, it was luke warm and when we asked for a hot coffee, the Kafe team was very friendly and served us hot coffee promptly and as a warm gesture we were offered chocholate cakes to make up for the coffee üòä', 'rating': '5'}]"
18,1706627302519,Jungle Palace,12 RUE DE LA FID√âLIT√â  75010 PARIS,True,"['https://res.cloudinary.com/di65pb1aa/video/upload/v1709734233/wcsp3qs56zekk045gjd5.mp4', 'https://res.cloudinary.com/di65pb1aa/video/upload/v1709734242/hxskxq8kmqzeem5q7gic.mp4', 'https://res.cloudinary.com/di65pb1aa/video/upload/v1709734251/citeyqbp34kwflodsfke.mp4']",,[5],ChIJqSmqRVdv5kcRWn3NXEJnXIg,0,,,False,False,[],,0,"{'type': 'point', 'data': {'lng': 2.35674, 'lat': 48.874653}}",[]
19,1706627469711,Genki ÂÖÉÊ∞ó,"23 Rue Dauphine, 75006 Paris",True,"['https://res.cloudinary.com/di65pb1aa/video/upload/v1710857781/bdyw4tfvohp4jvefjojr.mp4', 'https://res.cloudinary.com/di65pb1aa/video/upload/v1710857792/resfabrjy59wppppzmko.mp4', 'https://res.cloudinary.com/di65pb1aa/video/upload/v1710857804/q6lull6lyd05as9wlavv.mp4']",09 55 15 57 65,"[1, 11]",,0,,,False,False,[],,0,"{'type': 'point', 'data': {'lng': 2.33978, 'lat': 48.855142}}",[]
20,1706627696960,BOOM BOOM VILLETTE,"30 Av. Corentin Cariou, 75019 Paris",True,"['https://res.cloudinary.com/di65pb1aa/video/upload/v1710857853/ylu0swzrwfeaalnhc6q2.mp4', 'https://res.cloudinary.com/di65pb1aa/video/upload/v1710857903/hyeszld8vtd65hskkyx8.mp4', 'https://res.cloudinary.com/di65pb1aa/video/upload/v1710857925/ka0c9g1uqjh4dyjh2hfj.mp4']",01 49 70 83 30,"[1, 6, 2, 7, 8, 9]",,0,,,False,False,[],,0,"{'type': 'point', 'data': {'lng': 2.385575, 'lat': 48.89724}}",[]
21,1706628812739,Maison Louvard,"11 Rue de Ch√¢teaudun, 75009 Paris",True,"['https://res.cloudinary.com/di65pb1aa/video/upload/v1710858001/xxfny7pabfxese8ynosy.mp4', 'https://res.cloudinary.com/di65pb1aa/video/upload/v1710858045/caimni19anpuej3ftxne.mp4', 'https://res.cloudinary.com/di65pb1aa/video/upload/v1710858079/gu6ajqzpahglrvpcrayl.mp4']",01 81 70 75 77,[11],,0,,,False,False,[],,0,"{'type': 'point', 'data': {'lng': 2.340768, 'lat': 48.87574}}",[]
22,1706628962641,YSL Cafe,"8 Rue du 29 Juillet, 75001 Paris",True,"['https://res.cloudinary.com/di65pb1aa/video/upload/v1710858659/zjqyplqcnpq5nzvgamug.mp4', 'https://res.cloudinary.com/di65pb1aa/video/upload/v1710858690/jswaca5gqaaivdoldnby.mp4', 'https://res.cloudinary.com/di65pb1aa/video/upload/v1710858826/cmopawfgp8h3eh6xkogq.mp4']",01 76 70 90 11,[11],,0,,,False,False,[],,0,"{'type': 'point', 'data': {'lng': 2.330704, 'lat': 48.865175}}",[]
23,1706629212529,Tableaux Paris,"8 Rue de Hanovre, 75002 Paris",True,"['https://res.cloudinary.com/di65pb1aa/video/upload/v1710858951/s0nq2oeajiplyigdnp8a.mp4', 'https://res.cloudinary.com/di65pb1aa/video/upload/v1710859007/zxysk0add2bw5porh86n.mp4']",06 95 61 01 70,[9],,0,,,False,False,[],,0,"{'type': 'point', 'data': {'lng': 2.335116, 'lat': 48.870227}}",[]
24,1706629534565,Une Kaak√© √† Paris,"30 Bd Saint-Michel, 75006 Paris",True,"['https://res.cloudinary.com/di65pb1aa/video/upload/v1710859137/baflzzov4u3fm2dcxifv.mp4', 'https://res.cloudinary.com/di65pb1aa/video/upload/v1710859216/hmcpcmfsffqizdko4bxo.mp4', 'https://res.cloudinary.com/di65pb1aa/video/upload/v1710859272/fgc7dw24gedxo6ckqyux.mp4']",07 72 14 61 63,"[7, 9]",,0,,,False,False,[],,0,"{'type': 'point', 'data': {'lng': 2.342339, 'lat': 48.850167}}",[]
25,1706629784664,Priv√© de dessert,"4 Rue Lallier, 75009 Paris",True,"['https://res.cloudinary.com/di65pb1aa/video/upload/v1710859352/lcssbafxru717rrydut9.mp4', 'https://res.cloudinary.com/di65pb1aa/video/upload/v1710859418/gjoh7cd2q59zl7gde5mb.mp4', 'https://res.cloudinary.com/di65pb1aa/video/upload/v1710859462/ghhq1mk0jxmguwzpl2kk.mp4']",01 45 26 84 43,[],,0,,,False,False,[],,0,"{'type': 'point', 'data': {'lng': 2.341146, 'lat': 48.881463}}",[]
26,1706630269856,Les d√©lices de Tunisie,"9 Rue du Liban, 75020 Paris",True,"['https://res.cloudinary.com/di65pb1aa/video/upload/v1710859548/uxyms6zfdgjngupby3mz.mp4', 'https://res.cloudinary.com/di65pb1aa/video/upload/v1710859686/xfms0yhwqvmobi4ibaax.mp4']",09 80 61 56 41,"[7, 9, 2]",,0,,,False,False,[],,0,"{'type': 'point', 'data': {'lng': 2.385358, 'lat': 48.868688}}",[]
28,1706634560148,Maison Ma√©,"17 Rue du Ch√¢teau d'Eau, 75010 Paris",True,"['https://res.cloudinary.com/di65pb1aa/video/upload/v1710859828/r6yzcei0bvxaaznnui3h.mp4', 'https://res.cloudinary.com/di65pb1aa/video/upload/v1710859882/e9sgiq3klr9nuxxohmth.mp4', 'https://res.cloudinary.com/di65pb1aa/video/upload/v1710859914/ndf5ju1fomf6ao2tayak.mp4']",01 40 34 89 83,[11],,0,,,False,False,[],,0,"{'type': 'point', 'data': {'lng': 2.360333, 'lat': 48.869986}}",[]
29,1706634856507,Ravioli Folie,"28 Av. Franklin Delano Roosevelt, 75008 Paris",True,"['https://res.cloudinary.com/di65pb1aa/video/upload/v1710860027/xaglkrwqefjrljfcoyrf.mp4', 'https://res.cloudinary.com/di65pb1aa/video/upload/v1710860099/v6zrdj2pu0rwvgznzgje.mp4', 'https://res.cloudinary.com/di65pb1aa/video/upload/v1710860121/cqxubsotqzqugggsfjvw.mp4']",09 87 79 17 91,"[1, 4]",,0,,,False,False,[],,0,"{'type': 'point', 'data': {'lng': 2.310213, 'lat': 48.872328}}",[]
30,1706635143330,Quai Nedy,"5 Rue Maurice Bourdet, 75016 Paris",True,"['https://res.cloudinary.com/di65pb1aa/video/upload/v1710860161/aef7wrc1szwmdelpfih4.mp4', 'https://res.cloudinary.com/di65pb1aa/video/upload/v1710860263/dt1qxbbmydb52uegufdr.mp4', 'https://res.cloudinary.com/di65pb1aa/video/upload/v1710860336/vyru6elkrw4v9xz9i0ri.mp4']",07 64 06 16 16,"[2, 3, 5]",,0,,,False,False,[],,0,"{'type': 'point', 'data': {'lng': 2.278631, 'lat': 48.851076}}",[]
31,1706635460648,Bagels & Brownies,"12 Rue Notre Dame des Champs, 75006 Paris",True,"['https://res.cloudinary.com/di65pb1aa/video/upload/v1710860550/spiiummu5ybvuavdvvpt.mp4', 'https://res.cloudinary.com/di65pb1aa/video/upload/v1710860607/zhipbqo7tvm4vmr51ntf.mp4', 'https://res.cloudinary.com/di65pb1aa/video/upload/v1710860635/ecrvltiagrtgnz8q9gef.mp4']",01 42 22 44 15,[11],,0,,,False,False,[],,0,"{'type': 'point', 'data': {'lng': 2.32725, 'lat': 48.846408}}",[]
32,1706635777801,Caf√© Louis Vuitton,"2 Rue du Pont Neuf, 75001 Paris",True,"['https://res.cloudinary.com/di65pb1aa/video/upload/v1710860679/pm0ru1fpsxkqhfpeu4ac.mp4', 'https://res.cloudinary.com/di65pb1aa/video/upload/v1710860718/mufh9f1nfhat9z1xutlq.mp4', 'https://res.cloudinary.com/di65pb1aa/video/upload/v1710860758/ikzxn5rkfvxr9reftsiw.mp4']",09 77 40 40 77,"[11, 5]",,0,,,False,False,[],,0,"{'type': 'point', 'data': {'lng': 2.342931, 'lat': 48.858588}}",[]
33,1706637084000,Pasticeria Simona,"8 Rue Mandar, 75002 Paris",True,"['https://res.cloudinary.com/di65pb1aa/video/upload/v1710863197/qbetit0kdh7zf9yfw1w9.mp4', 'https://res.cloudinary.com/di65pb1aa/video/upload/v1710863213/efipbhmtnevgodgk0lgc.mp4', 'https://res.cloudinary.com/di65pb1aa/video/upload/v1710863242/vohizcyr2siolzysoxil.mp4']",06 24 40 86 15,[],,0,,,False,False,[],,0,"{'type': 'point', 'data': {'lng': 2.346091, 'lat': 48.86568}}",[]
34,1706637264328,RAMEN WANG,"20 Rue des Plantes, 75014 Paris",True,"['https://res.cloudinary.com/di65pb1aa/video/upload/v1710863282/atj5xep2u6acixu4snq9.mp4', 'https://res.cloudinary.com/di65pb1aa/video/upload/v1710863311/cfoyb4khtq1lwpgztc1f.mp4', 'https://res.cloudinary.com/di65pb1aa/video/upload/v1710863856/d1im17yuuri2yb9gytgz.mp4']",01 45 43 09 63,[1],,0,,,False,False,[],,0,"{'type': 'point', 'data': {'lng': 2.324057, 'lat': 48.831251}}",[]
36,1706637662142,KINGKONG,"19 Rue Blondel, 75002 Paris",True,"['https://res.cloudinary.com/di65pb1aa/video/upload/v1710866248/m5ljfsx6onlp76dbfoop.mp4', 'https://res.cloudinary.com/di65pb1aa/video/upload/v1710866270/rurmiqbchzu4wnoeo05a.mp4', 'https://res.cloudinary.com/di65pb1aa/video/upload/v1710866288/apsxbkw5egzqknrn3ixs.mp4']",09 88 49 46 75,"[1, 2]",,0,,,False,False,[],,0,"{'type': 'point', 'data': {'lng': 2.352962, 'lat': 48.868788}}",[]
37,1706637876905,Trantranzai,"94 Rue Saint-Denis, 75001 Paris",True,"['https://res.cloudinary.com/di65pb1aa/video/upload/v1710866494/l6js5n876kxmbmiwpwwk.mp4', 'https://res.cloudinary.com/di65pb1aa/video/upload/v1710866515/myqzytpodddkuhwxnfm9.mp4', 'https://res.cloudinary.com/di65pb1aa/video/upload/v1710866623/k67d1f0xdpslp7u1qfpa.mp4']",09 51 92 24 56,[1],,0,,,False,False,[],,0,"{'type': 'point', 'data': {'lng': 2.349871, 'lat': 48.863172}}",[]
38,1706638122345,Puffy Cookies,"65 Rue Condorcet, 75009 Paris",True,"['https://res.cloudinary.com/di65pb1aa/video/upload/v1710866700/zx76j0nfhuawanrlykzm.mp4', 'https://res.cloudinary.com/di65pb1aa/video/upload/v1710866727/xlelm0do58p4pzzimawu.mp4', 'https://res.cloudinary.com/di65pb1aa/video/upload/v1710866740/rxmkprvfyv93gfqqiedb.mp4']",09 55 51 87 26,[],,0,,,False,False,[],,0,"{'type': 'point', 'data': {'lng': 2.341333, 'lat': 48.880281}}",[]
39,1706638633657,Keopi,"23 Pass. Verdeau, 75009 Paris",True,"['https://res.cloudinary.com/di65pb1aa/video/upload/v1710866803/frlnbhzrvgzdgdhpna78.mp4', 'https://res.cloudinary.com/di65pb1aa/video/upload/v1710866819/anegphpf0ze6acb6kuz4.mp4', 'https://res.cloudinary.com/di65pb1aa/video/upload/v1710866834/dwkt17vxuenx7fzgv8pt.mp4']",01 47 70 86 24,"[1, 3, 2]",,0,,,False,False,[],,0,"{'type': 'point', 'data': {'lng': 2.342308, 'lat': 48.873599}}",[]
40,1706638901388,C√àPE ET FIGUE,"61 Rue Saint-Andr√© des Arts, 75006 Paris",True,"['https://res.cloudinary.com/di65pb1aa/video/upload/v1710866936/vagtxejfjxg9si5jmco4.mp4', 'https://res.cloudinary.com/di65pb1aa/video/upload/v1710866959/bl6rcurvlgfyfhrukogr.mp4', 'https://res.cloudinary.com/di65pb1aa/video/upload/v1710866984/vsun9hdrpbtfrhsvo6nl.mp4']",01 43 26 00 24,[],,0,,,False,False,[],,0,"{'type': 'point', 'data': {'lng': 2.338883, 'lat': 48.853527}}",[]
41,1706639063124,La Piadineria,"26 Rue Soufflot, 75005 Paris",True,"['https://res.cloudinary.com/di65pb1aa/video/upload/v1710869192/jemxhvkwdsrotye1m9qb.mp4', 'https://res.cloudinary.com/di65pb1aa/video/upload/v1710869211/nceandyj5ujegybljcop.mp4', 'https://res.cloudinary.com/di65pb1aa/video/upload/v1710869229/yh0hcbefns5azvew30gl.mp4']",01 56 81 80 85,[6],,0,,,False,False,[],,0,"{'type': 'point', 'data': {'lng': 2.341355, 'lat': 48.847384}}",[]
43,1706639653888,Fay‚Äôsi Tis,"183 Rue du Faubourg Saint-Antoine, 75011 Paris",True,"['https://res.cloudinary.com/di65pb1aa/video/upload/v1710869414/am94srilifcqyy45vbxn.mp4', 'https://res.cloudinary.com/di65pb1aa/video/upload/v1710869438/xa7mapijk0dpgfoz2zsy.mp4', 'https://res.cloudinary.com/di65pb1aa/video/upload/v1710869456/ajivky9yg6kfomavs1dw.mp4']",06 24 80 70 30,"[12, 11]",,0,,,False,False,[],,0,"{'type': 'point', 'data': {'lng': 2.381323, 'lat': 48.850534}}",[]
44,1706640164878,LiBeyrouth,"72 Rue Mouffetard, 75005 Paris",True,"['https://res.cloudinary.com/di65pb1aa/video/upload/v1710869501/krfxwlezg2o7y7iwswlx.mp4', 'https://res.cloudinary.com/di65pb1aa/video/upload/v1710869523/df1w8ekkgr7mvftqldsp.mp4', 'https://res.cloudinary.com/di65pb1aa/video/upload/v1710869546/un7xcxwv8hdbtngsb5tc.mp4']",,"[7, 4]",,0,,,False,False,[],,0,"{'type': 'point', 'data': {'lng': 2.349656, 'lat': 48.842575}}",[]
46,1706640442442,Bambini,"13 Av. du Pr√©sident Wilson, 75116 Paris",True,"['https://res.cloudinary.com/di65pb1aa/video/upload/v1710869614/edkqdkpapaabv3zsowpr.mp4', 'https://res.cloudinary.com/di65pb1aa/video/upload/v1710869627/lwgau3bufxnnzcbgxnei.mp4', 'https://res.cloudinary.com/di65pb1aa/video/upload/v1710869644/vpclikcbmkumwjbim1mq.mp4']",01 40 70 86 08,"[6, 5]",,0,,,False,False,[],,0,"{'type': 'point', 'data': {'lng': 2.288553, 'lat': 48.863029}}",[]
47,1706640745343,Taco Mesa,"40 Rue du Faubourg Poissonni√®re, 75010 Paris",True,"['https://res.cloudinary.com/di65pb1aa/video/upload/v1710869817/wk0grgssukjlsaraks72.mp4', 'https://res.cloudinary.com/di65pb1aa/video/upload/v1710869839/mwvsgxtsuhiqdkgjljem.mp4', 'https://res.cloudinary.com/di65pb1aa/video/upload/v1710869873/umv10xjcwmeywd1xmzja.mp4']",09 78 81 06 00,[13],,0,,,False,False,[],,0,"{'type': 'point', 'data': {'lng': 2.348008, 'lat': 48.873599}}",[]
48,1706640973590,AC√Ä PIGALLE,"48 Bd de Clichy, 75018 Paris",True,"['https://res.cloudinary.com/di65pb1aa/video/upload/v1710869929/vndo29expldm6iwf0d1l.mp4', 'https://res.cloudinary.com/di65pb1aa/video/upload/v1710869938/o5mnsj4twfn240fnz4d5.mp4', 'https://res.cloudinary.com/di65pb1aa/video/upload/v1710869954/pd8qowwo43hccn1rhhj6.mp4']",01 88 61 04 05,[13],,0,,,False,False,[],,0,"{'type': 'point', 'data': {'lng': 2.335594, 'lat': 48.883121}}",[]
49,1706641175578,Marvely,"46 Rue Crozatier, 75012 Paris",True,"['https://res.cloudinary.com/di65pb1aa/video/upload/v1710869998/mtk3if5cgsxdc3uk9x0d.mp4', 'https://res.cloudinary.com/di65pb1aa/video/upload/v1710870077/fa3ljkitpqltt2ff6huu.mp4', 'https://res.cloudinary.com/di65pb1aa/video/upload/v1710870134/b0dpazididpqege4gwke.mp4']",,"[2, 3, 5]",,0,,,False,False,[],,0,"{'type': 'point', 'data': {'lng': 2.38052, 'lat': 48.848518}}",[]
51,1706784826291,CHEZ HAKI,"43 Rue des Gravilliers, 75003 Paris",True,"['https://res.cloudinary.com/di65pb1aa/video/upload/v1710870277/ykbtauvb7vyggpptd5hx.mp4', 'https://res.cloudinary.com/di65pb1aa/video/upload/v1710870302/ndpybc4p4zmoxb3dbhef.mp4', 'https://res.cloudinary.com/di65pb1aa/video/upload/v1710870376/uq48tme2ghhh6d2t6xjd.mp4']",09 87 36 29 43,"[1, 9]",,0,,,False,False,[],,0,"{'type': 'point', 'data': {'lng': 2.355487, 'lat': 48.86414}}",[]
54,1711456103077,Plan D - DWICH & GLACE,"22 Rue des Vinaigriers, 75010 Paris",True,['https://res.cloudinary.com/di65pb1aa/video/upload/v1711457946/j0mmlxiuvtcjq0myfbti.mp4'],,"[9, 10]",,0,,,False,False,[],,0,"{'type': 'point', 'data': {'lng': 2.363196, 'lat': 48.873202}}",[]
55,1711456133306,Mopa,"17 Rue du Croissant, 75002 Paris",True,['https://res.cloudinary.com/di65pb1aa/video/upload/v1711458398/nfohsodkujmh4pkgta7r.mp4'],09 81 44 98 93,"[9, 10]",,0,,,False,False,[],,0,"{'type': 'point', 'data': {'lng': 2.343949, 'lat': 48.868904}}",[]
56,1711456196052,GYOZA HOUSE,"20 Rue de Ch√¢teaudun, 75009 Paris",True,['https://res.cloudinary.com/di65pb1aa/video/upload/v1711623718/rzzrcqopcbmfpskgjppg.mp4'],01 73 75 24 47,"[1, 9, 10, 2]",,0,,,False,False,[],,0,"{'type': 'point', 'data': {'lng': 2.338314, 'lat': 48.876096}}",[]
57,1711456230736,Boneshaker Donuts,"86 Rue d'Aboukir, 75002 Paris",True,"['https://res.cloudinary.com/di65pb1aa/video/upload/v1711623856/z1dh1zw5vx2r2elafjeg.mp4', 'https://res.cloudinary.com/di65pb1aa/video/upload/v1711623956/hoeh8ftsetpgs7pklbii.mp4']",,"[11, 10, 9]",,0,,,False,False,[],,0,"{'type': 'point', 'data': {'lng': 2.347771, 'lat': 48.867944}}",[]
58,1711456300517,Land & monkeys,86 BOULEVARD BEAUMARCHAIS 75011 PARIS,True,['https://res.cloudinary.com/di65pb1aa/video/upload/v1711624063/lyojjul2ula5nvppr4xz.mp4'],09 54 40 95 83,"[11, 9, 10]",,0,,,False,False,[],,0,"{'type': 'point', 'data': {'lng': 2.367903, 'lat': 48.859369}}",[]
59,1711456427134,Marcus Pizze Amore,"4 Rue Bichat, 75010 Paris",True,['https://res.cloudinary.com/di65pb1aa/video/upload/v1711624143/dxk4jskxdpwsf97uojna.mp4'],09 62 52 14 36,"[6, 9, 10]",,0,,,False,False,[],,0,"{'type': 'point', 'data': {'lng': 2.369274, 'lat': 48.869724}}",[]
60,1711456459169,Green Farmer's Paris,"49 Bd de Clichy, 75009 Paris",True,['https://res.cloudinary.com/di65pb1aa/video/upload/v1711624189/qc2wyecmzpv14x0mjzf1.mp4'],01 73 74 18 21,"[9, 10]",,0,,,False,False,[],,0,"{'type': 'point', 'data': {'lng': 2.333921, 'lat': 48.883177}}",[]
61,1711456546216,Kous,116 bd du Montparnasse,True,['https://res.cloudinary.com/di65pb1aa/video/upload/v1711624244/f7qzfvlgercuaopxbzqh.mp4'],,"[7, 2, 9, 10]",,0,,,False,False,[],,0,"{'type': 'point', 'data': {'lng': 2.330378, 'lat': 48.841535}}",[]
62,1711456658077,Libshop,"2 rue Saint-Philippe du Roule, 75008 Paris",True,['https://res.cloudinary.com/di65pb1aa/video/upload/v1711624297/tcyd1pkz5ovngi2ygxpc.mp4'],+33142334107,"[7, 9, 10]",,0,,,False,False,[],,0,"{'type': 'point', 'data': {'lng': 2.308878, 'lat': 48.873388}}",[]
63,1711456732031,Maslow - Restaurant Paris 1,"14 Quai de la M√©gisserie, 75001 Paris",True,['https://res.cloudinary.com/di65pb1aa/video/upload/v1711624425/jrms85vdx3579zhrbvbo.mp4'],,"[9, 10]",,0,,,False,False,[],,0,"{'type': 'point', 'data': {'lng': 2.344247, 'lat': 48.858134}}",[]
64,1711700859482,Kous,"96 rue Saint-Denis 75001, Paris",True,['https://res.cloudinary.com/di65pb1aa/video/upload/v1711624244/f7qzfvlgercuaopxbzqh.mp4'],+33142334107,"[2, 7, 9, 10]",,0,,,False,False,[],,0,"{'type': 'point', 'data': {'lng': 2.349907, 'lat': 48.863245}}",[]
65,1711787649828,Afri Call Food,"31 Rue de M√©nilmontant, 75020 Paris",True,['https://res.cloudinary.com/di65pb1aa/video/upload/v1711787699/hnm0yew09zqvpethlemw.mp4'],,"[8, 2]",,0,,,False,False,[],,0,"{'type': 'point', 'data': {'lng': 2.385121, 'lat': 48.867633}}",[]
66,1711787818145,Afrodisiac Paris 2,"16 rue Thorel, 75002 Paris",True,['https://res.cloudinary.com/di65pb1aa/video/upload/v1711787979/yuifnp8yekgdyzgyhgbv.mp4'],+33 951917218,"[8, 9]",,0,,,False,False,[],,0,"{'type': 'point', 'data': {'lng': 2.349138, 'lat': 48.870162}}",[]
68,1711788120329,Wakanda factory Paris nation,"23 Rue Claude Tillier, 75012 Paris",True,['https://res.cloudinary.com/di65pb1aa/video/upload/v1711788147/xetkxwrf6eeozaqqnz9x.mp4'],01 89 33 12 85,"[8, 2]",,0,,,False,False,[],,0,"{'type': 'point', 'data': {'lng': 2.388338, 'lat': 48.848454}}",[]
69,1711788217524,OYA Fusion,"141 Av. de Malakoff, 75116 Paris",True,"['https://res.cloudinary.com/di65pb1aa/video/upload/v1711788522/uei782oifyn7hvvnw2er.mp4', 'https://res.cloudinary.com/di65pb1aa/video/upload/v1711788565/qgvwz1pneixhmagfd8pi.mp4']",01 40 67 18 44,"[8, 5, 9, 10]",,0,,,False,False,[],,0,"{'type': 'point', 'data': {'lng': 2.2837, 'lat': 48.8754}}",[]
70,1711788848994,Rice & Burger Kitchen,"1 Rue Blondel, 75003 Paris",True,['https://res.cloudinary.com/di65pb1aa/video/upload/v1711788920/fer26k0gqoldldkmjgs3.mp4'],01 44 93 00 36,"[8, 2, 12]",,0,,,False,False,[],,0,"{'type': 'point', 'data': {'lng': 2.355015, 'lat': 48.868441}}",[]
73,1712370809437,,,False,[],,[],,0,,,False,False,[],,0,,[]
